id,name,industry,city,state,country,customer_type,account_status,assigned_user_id,created_at,updated_at,deleted_at
f70f5c62-1ed7-4a5a-b10a-21b69caf4748,Jaggi-Bala,Wholesale,Nashik,Maharashtra,India,Customer,Active,42050019-05f0-4de7-b45b-cea5eda7386f,2026-02-08,2026-05-16 13:51:14.703004,
d1564676-1552-441e-8181-398c0dffa38e,"Prakash, Sachdev and Shukla",Pharma,Delhi,Delhi,India,Customer,Active,fca4d392-94e8-47e1-bdb4-3dca1cb88b3a,2026-01-26,2026-05-16 13:51:14.703172,
05d582f9-b5c1-4551-994c-745fdb6a6ff2,Padmanabhan-Tandon,Wholesale,Chennai,Tamil Nadu,India,Customer,Active,a479e5cf-9f94-4433-ad29-445f2f57265f,2026-03-11,2026-05-16 13:51:14.703253,
b1e6b1d7-99de-47f3-815d-9b74979e6607,"Sekhon, Aggarwal and Contractor",Services,Mumbai,Maharashtra,India,Customer,Active,e441befa-88af-4f32-a4b7-caa2f90837a6,2026-01-09,2026-05-16 13:51:14.703358,
af8b02e1-24f8-4473-afad-9ac29b1f08f0,Loyal-Dutt,IT,Bangalore,Karnataka,India,Customer,Active,7a1b7ad6-e2d2-4e32-9902-ba4caebc581d,2026-04-15,2026-05-16 13:51:14.703455,
2810a623-cf9f-4697-b295-485006a9e386,Nanda-Trivedi,Wholesale,Kochi,Kerala,India,Customer,Active,560f2adc-162e-473b-8cd1-0546376e74e9,2026-01-23,2026-05-16 13:51:14.703523,
13525f7f-43d7-4911-92a6-54737a6ee919,Doctor-Parmer,Retail,Bangalore,Karnataka,India,Customer,Active,fca4d392-94e8-47e1-bdb4-3dca1cb88b3a,2026-03-16,2026-05-16 13:51:14.703598,
c85df2a1-fc5a-49c8-b63a-6b0c3c83c33b,Agrawal-Basu,Pharma,Kochi,Kerala,India,Customer,Active,6f9c7382-0bb3-450e-aef4-dc8380654217,2026-05-13,2026-05-16 13:51:14.703664,
8d629ef3-016a-4534-b9c8-a27ca22e4124,"Narayanan, Kalita and Gokhale",Wholesale,Nashik,Maharashtra,India,Customer,Active,13815ae1-d9c7-4b60-877c-5b354527caac,2026-02-11,2026-05-16 13:51:14.703794,
3865993f-57a8-411b-af52-7dfb2706df2d,Patel Inc,Services,Hyderabad,Telangana,India,Customer,Active,a479e5cf-9f94-4433-ad29-445f2f57265f,2026-04-12,2026-05-16 13:51:14.703895,
6b8e3162-9dcf-4323-a389-11d78a5f24d0,Bajaj and Sons,Wholesale,Delhi,Delhi,India,Customer,Active,e441befa-88af-4f32-a4b7-caa2f90837a6,2026-01-01,2026-05-16 13:51:14.703960,
76979ac1-caa1-4552-afdb-1db057333127,"Zacharia, Sule and Patil",Retail,Nashik,Maharashtra,India,Customer,Active,e75d85fc-9d80-421a-aa90-2624363de215,2026-04-04,2026-05-16 13:51:14.704031,
d57eb39c-2a9f-4cdd-b590-1b6734c92011,"Vyas, Bhattacharyya and Maharaj",Wholesale,Mumbai,Maharashtra,India,Customer,Active,0c6634a5-fb54-4e6c-91ef-7ec0e2cc3378,2026-03-01,2026-05-16 13:51:14.704098,
b1eccb05-195e-4e72-b1df-ca19ef64b014,"Butala, Srinivas and Morar",Retail,Delhi,Delhi,India,Customer,Active,42050019-05f0-4de7-b45b-cea5eda7386f,2026-02-25,2026-05-16 13:51:14.704164,
aa2d93b1-7b16-429a-a1d3-ea8d4c90c31f,Aggarwal Ltd,Manufacturing,Mumbai,Maharashtra,India,Customer,Active,13815ae1-d9c7-4b60-877c-5b354527caac,2026-05-04,2026-05-16 13:51:14.704225,
108d92d7-2064-49c7-aad4-b98baa79ad1e,"Sawhney, Sankaran and Sengupta",Pharma,Ahmedabad,Gujarat,India,Customer,Active,3c2514fb-429d-444a-bc6c-7c4a2ce757be,2026-03-03,2026-05-16 13:51:14.704290,
7f39b076-afb5-42fa-a780-68e9520a45cb,Morar PLC,IT,Nashik,Maharashtra,India,Customer,Active,fca4d392-94e8-47e1-bdb4-3dca1cb88b3a,2026-04-10,2026-05-16 13:51:14.704358,
45d26ed7-a6e5-4a87-b419-eebdc05c5b77,Shah-Mall,Manufacturing,Chennai,Tamil Nadu,India,Customer,Active,0ef691cb-a3b6-4c00-93f4-b28b0fe40706,2026-03-04,2026-05-16 13:51:14.704427,
d2bc7efb-b1b2-4c04-84fc-7dfeb814e705,Rajan and Sons,Manufacturing,Delhi,Delhi,India,Customer,Active,13815ae1-d9c7-4b60-877c-5b354527caac,2026-01-04,2026-05-16 13:51:14.704489,
1f6293c8-8c8c-426f-8290-70f4469d0c0b,Korpal and Sons,Manufacturing,Chennai,Tamil Nadu,India,Customer,Active,566164f0-b746-41f4-b85a-4806de2c294b,2026-02-22,2026-05-16 13:51:14.704551,
f5360571-0549-49fb-907a-8997127c7f94,Dugal-Chhabra,Manufacturing,Hyderabad,Telangana,India,Customer,Active,b6493aae-776e-4baa-a4f2-3d0a8ebbd3a3,2026-02-20,2026-05-16 13:51:14.704612,
852b9501-e87b-4012-b0c0-4571204667a0,Din Inc,Manufacturing,Hyderabad,Telangana,India,Customer,Active,95287636-f2f6-4a35-8af3-a9fe68a5d1c0,2026-02-09,2026-05-16 13:51:14.704671,
33f237a0-df4c-470c-acfb-a7010ce7b549,Murty-Palla,Logistics,Surat,Gujarat,India,Customer,Active,fca4d392-94e8-47e1-bdb4-3dca1cb88b3a,2026-04-23,2026-05-16 13:51:14.704731,
7434a042-1d4b-4e95-86ca-0ddafc9b0067,Mittal-Sarma,Pharma,Kochi,Kerala,India,Customer,Active,5adbfff5-e09e-439c-ac07-42c4619ce4f5,2026-05-02,2026-05-16 13:51:14.704790,
e7fabcd9-ce56-4be6-a504-34963af24e63,"Bera, Chawla and Wali",Services,Chennai,Tamil Nadu,India,Customer,Active,0c6634a5-fb54-4e6c-91ef-7ec0e2cc3378,2026-03-14,2026-05-16 13:51:14.704859,
5b7a54e1-b985-4b9f-882f-e6951b8b2391,Aggarwal LLC,Wholesale,Hyderabad,Telangana,India,Customer,Active,08bef480-7ca7-4624-9756-6860f8fe8ba5,2026-04-17,2026-05-16 13:51:14.704931,
fdf655da-6dea-4646-b502-fa08abbb34e6,Khosla LLC,Logistics,Delhi,Delhi,India,Customer,Active,42050019-05f0-4de7-b45b-cea5eda7386f,2026-01-28,2026-05-16 13:51:14.704998,
dd712ec1-1b67-42d1-9b77-40c3af0e6db5,"Chaudry, Yadav and Lad",Logistics,Chennai,Tamil Nadu,India,Customer,Active,404d7654-52ae-4333-91d7-753b4d63789e,2026-03-08,2026-05-16 13:51:14.705067,
d8683740-3cdf-4f71-9324-c917c6d86b24,Lanka Ltd,Retail,Chennai,Tamil Nadu,India,Customer,Active,3c2514fb-429d-444a-bc6c-7c4a2ce757be,2026-04-19,2026-05-16 13:51:14.705128,
84d9bc2c-5a05-4533-8630-44f732b9fe9a,"Sastry, Tella and Char",Logistics,Surat,Gujarat,India,Customer,Active,42050019-05f0-4de7-b45b-cea5eda7386f,2026-05-09,2026-05-16 13:51:14.705195,
d3c7dc39-6540-45c5-9dcf-6a280d8d3b3e,Behl-Thaman,IT,Bangalore,Karnataka,India,Customer,Active,0ef691cb-a3b6-4c00-93f4-b28b0fe40706,2026-01-07,2026-05-16 13:51:14.705256,
56deaf47-134c-4429-9792-0b3c8b68415e,"Dhar, Chandran and Khare",Services,Bangalore,Karnataka,India,Customer,Active,a5499ef3-1ed0-4e7d-b2d8-5e51f825a648,2026-01-24,2026-05-16 13:51:14.705321,
4137bfcd-e511-435e-9ee3-86627724660a,Sabharwal PLC,Logistics,Chennai,Tamil Nadu,India,Customer,Active,5adbfff5-e09e-439c-ac07-42c4619ce4f5,2026-05-13,2026-05-16 13:51:14.705382,
e79de3f7-6341-472f-a5bf-803731b4750c,Natarajan Inc,Wholesale,Ahmedabad,Gujarat,India,Customer,Active,404d7654-52ae-4333-91d7-753b4d63789e,2026-04-18,2026-05-16 13:51:14.705443,
1b9a20ff-84cc-4426-9dd5-becbb92a79df,"Shenoy, Oza and Puri",Pharma,Surat,Gujarat,India,Customer,Active,b6493aae-776e-4baa-a4f2-3d0a8ebbd3a3,2026-04-30,2026-05-16 13:51:14.705507,
f00744dd-71c4-43dd-9c80-ea98b48689f1,"Salvi, Gera and Atwal",IT,Bangalore,Karnataka,India,Customer,Active,0c6634a5-fb54-4e6c-91ef-7ec0e2cc3378,2026-04-27,2026-05-16 13:51:14.705570,
80039dc5-4a47-45f6-a17a-bec07e0c20e1,Edwin LLC,Logistics,Mumbai,Maharashtra,India,Customer,Active,5adbfff5-e09e-439c-ac07-42c4619ce4f5,2026-04-13,2026-05-16 13:51:14.705630,
78d249d7-0dd2-4242-85d1-1a0d4693149a,Sunder-Seshadri,Retail,Surat,Gujarat,India,Customer,Active,fca4d392-94e8-47e1-bdb4-3dca1cb88b3a,2026-02-03,2026-05-16 13:51:14.705690,
b5c5b6ec-9b43-48f9-8cc7-e1266460b49e,Merchant and Sons,Retail,Hyderabad,Telangana,India,Customer,Active,f9140f89-9c0b-4ce1-8467-c50ef091fb7a,2026-02-15,2026-05-16 13:51:14.705770,
9c5d5ba9-a8b7-4ee7-a9c4-00733e1e4767,Madan and Sons,Services,Surat,Gujarat,India,Customer,Active,f9140f89-9c0b-4ce1-8467-c50ef091fb7a,2026-02-14,2026-05-16 13:51:14.705833,
314f212d-b0fd-4be3-81dd-92877e5e911a,"Oza, Zacharia and Issac",Logistics,Mumbai,Maharashtra,India,Customer,Active,13815ae1-d9c7-4b60-877c-5b354527caac,2026-03-15,2026-05-16 13:51:14.705897,
231b4cfc-5833-4239-aa8d-b564cfb5be46,"Balay, Singhal and Rai",Logistics,Delhi,Delhi,India,Customer,Active,3c2514fb-429d-444a-bc6c-7c4a2ce757be,2026-01-09,2026-05-16 13:51:14.705962,
ca2ae4c7-744f-44a2-9bed-f6b75bd6f74a,"Patla, Raj and Buch",Services,Kochi,Kerala,India,Customer,Active,560f2adc-162e-473b-8cd1-0546376e74e9,2026-05-06,2026-05-16 13:51:14.706027,
29673ac4-e73d-403c-8d45-92d4b96525d5,Gala PLC,Manufacturing,Ahmedabad,Gujarat,India,Customer,Active,0c6634a5-fb54-4e6c-91ef-7ec0e2cc3378,2026-02-20,2026-05-16 13:51:14.706093,
fb5d7175-1c0c-4173-8f2b-d5d027a833bc,"Zacharia, Chander and Lalla",Retail,Mumbai,Maharashtra,India,Customer,Active,13815ae1-d9c7-4b60-877c-5b354527caac,2026-03-03,2026-05-16 13:51:14.706159,
4b19cd00-80b6-48ba-a73d-7892ec4e3b03,"Khare, Krish and Khosla",Logistics,Surat,Gujarat,India,Customer,Active,f8ad7ff5-bd31-4f9e-934f-a32327b5c155,2026-03-19,2026-05-16 13:51:14.706223,
e86d4e27-4e26-4ab0-b1a1-da5d2d15e450,Nigam-Sarin,Wholesale,Mumbai,Maharashtra,India,Customer,Active,fca4d392-94e8-47e1-bdb4-3dca1cb88b3a,2026-02-17,2026-05-16 13:51:14.706282,
740da67a-116d-4428-8d57-3be1b82ca119,"Raval, Dayal and Cheema",Manufacturing,Kochi,Kerala,India,Customer,Active,b6493aae-776e-4baa-a4f2-3d0a8ebbd3a3,2026-01-09,2026-05-16 13:51:14.706346,
86f6648d-768a-4a4b-9ae2-1e8f2508b00e,Dutt-Chahal,IT,Surat,Gujarat,India,Customer,Active,a479e5cf-9f94-4433-ad29-445f2f57265f,2026-04-14,2026-05-16 13:51:14.706407,
80fd9d70-fbd4-46b7-bf14-7d278ebf432d,"Dash, Gill and Seshadri",IT,Kochi,Kerala,India,Customer,Active,0ef691cb-a3b6-4c00-93f4-b28b0fe40706,2026-02-12,2026-05-16 13:51:14.706472,
265224f2-3f10-488b-acfb-117d1c3c26fb,Thakur-Khurana,Retail,Nashik,Maharashtra,India,Customer,Active,7a1b7ad6-e2d2-4e32-9902-ba4caebc581d,2026-01-21,2026-05-16 13:51:14.706534,
61b5b38d-6706-4138-a3a0-9f7b2c42952b,"Kala, Atwal and Shetty",Logistics,Ahmedabad,Gujarat,India,Customer,Active,0ef691cb-a3b6-4c00-93f4-b28b0fe40706,2026-01-10,2026-05-16 13:51:14.706600,
a3e35689-5108-4993-9fe3-85abf7b4c62d,"Ahluwalia, Om and Menon",Services,Bangalore,Karnataka,India,Customer,Active,e43d49a0-a034-48f7-8094-69c8ec022f41,2026-03-10,2026-05-16 13:51:14.706670,
4390f06f-4f44-46ac-8d7a-f907bb50fb91,"Divan, Buch and Bobal",Services,Nashik,Maharashtra,India,Customer,Active,a5499ef3-1ed0-4e7d-b2d8-5e51f825a648,2026-03-23,2026-05-16 13:51:14.706736,
a0c51739-cd40-4652-b99f-11b77220b496,Pandit-Ray,Pharma,Kochi,Kerala,India,Customer,Active,e441befa-88af-4f32-a4b7-caa2f90837a6,2026-05-03,2026-05-16 13:51:14.706794,
3b4a4424-8bd7-4999-b771-b1158101c2c6,Prashad-Natarajan,Manufacturing,Hyderabad,Telangana,India,Customer,Active,f9140f89-9c0b-4ce1-8467-c50ef091fb7a,2026-01-08,2026-05-16 13:51:14.706854,
d5a34e30-a35d-40f7-a427-ee0f1f9d0052,"Handa, Natt and Khosla",Wholesale,Surat,Gujarat,India,Customer,Active,08bef480-7ca7-4624-9756-6860f8fe8ba5,2026-05-13,2026-05-16 13:51:14.706922,
3321d438-ba09-461c-8d6f-607191ac34e8,Sawhney and Sons,Retail,Mumbai,Maharashtra,India,Customer,Active,85cb5067-c9a3-4ea0-b695-f80c7e19abf2,2026-05-02,2026-05-16 13:51:14.706985,
339ea538-259c-40ff-bf08-2c1597eb6bd5,"Hegde, Kadakia and Misra",Retail,Pune,Maharashtra,India,Customer,Active,566164f0-b746-41f4-b85a-4806de2c294b,2026-05-15,2026-05-16 13:51:14.707049,
626c1466-c963-4f1e-ba4a-0753a1755467,"Ramachandran, Mangal and Dara",Logistics,Mumbai,Maharashtra,India,Customer,Active,8daeff47-fa6c-4ca6-a276-681e87f1e034,2026-01-30,2026-05-16 13:51:14.707112,
15a47b72-40b6-4464-b511-46380e3af497,Sidhu Group,Logistics,Pune,Maharashtra,India,Customer,Active,f8ad7ff5-bd31-4f9e-934f-a32327b5c155,2026-05-13,2026-05-16 13:51:14.707170,
a54a1f8f-21ea-46fc-859a-b5c6982406a6,"Sidhu, Chaudry and Varughese",IT,Mumbai,Maharashtra,India,Customer,Active,e441befa-88af-4f32-a4b7-caa2f90837a6,2026-04-28,2026-05-16 13:51:14.707234,
7b4d6009-cd28-48ed-969a-d5a1b1fd05a6,Zachariah-Dasgupta,Logistics,Chennai,Tamil Nadu,India,Customer,Active,f8ad7ff5-bd31-4f9e-934f-a32327b5c155,2026-02-23,2026-05-16 13:51:14.707300,
3dd3db5d-0197-4251-86e3-590a9220e5c9,Kant-Rastogi,Wholesale,Chennai,Tamil Nadu,India,Customer,Active,fca4d392-94e8-47e1-bdb4-3dca1cb88b3a,2026-01-23,2026-05-16 13:51:14.707361,
cb112fbb-1a57-4ca2-8177-9da3ea1ee172,Hora-Sur,IT,Delhi,Delhi,India,Customer,Active,08bef480-7ca7-4624-9756-6860f8fe8ba5,2026-03-06,2026-05-16 13:51:14.707419,
9a80c0e8-7729-4c9a-8b21-0e91b59a5ebd,"Sahota, Srinivasan and Jani",Logistics,Bangalore,Karnataka,India,Customer,Active,e75d85fc-9d80-421a-aa90-2624363de215,2026-02-04,2026-05-16 13:51:14.707490,
b206620e-0f8a-401d-8caa-ba51f2673089,"Parmer, Anand and Barman",Pharma,Surat,Gujarat,India,Customer,Active,6f9c7382-0bb3-450e-aef4-dc8380654217,2026-04-21,2026-05-16 13:51:14.707559,
4e954f6e-dc1f-4aab-bf74-41056f3b2550,Chopra Inc,Retail,Bangalore,Karnataka,India,Customer,Active,3c2514fb-429d-444a-bc6c-7c4a2ce757be,2026-04-17,2026-05-16 13:51:14.707619,
6f0b5fc3-ef3a-4ee2-a3c8-c24b3d654a19,Oak LLC,Retail,Ahmedabad,Gujarat,India,Customer,Active,e441befa-88af-4f32-a4b7-caa2f90837a6,2026-03-28,2026-05-16 13:51:14.707678,
6105df96-d521-4003-929b-3300952b3e86,Bora and Sons,Logistics,Kochi,Kerala,India,Customer,Active,85cb5067-c9a3-4ea0-b695-f80c7e19abf2,2026-04-21,2026-05-16 13:51:14.707753,
0aab724f-4c1a-4f31-9fa4-cca7864c94b0,Handa LLC,Logistics,Nashik,Maharashtra,India,Customer,Active,42050019-05f0-4de7-b45b-cea5eda7386f,2026-01-25,2026-05-16 13:51:14.707815,
b30bf0dc-7e62-44fa-a751-753908466eba,Memon Ltd,Retail,Pune,Maharashtra,India,Customer,Active,0c6634a5-fb54-4e6c-91ef-7ec0e2cc3378,2026-03-02,2026-05-16 13:51:14.707875,
fd1e38ac-9819-4c88-b7da-96cc625a1c84,Rama-Shankar,Pharma,Chennai,Tamil Nadu,India,Customer,Active,7a1b7ad6-e2d2-4e32-9902-ba4caebc581d,2026-01-29,2026-05-16 13:51:14.707934,
91aa51a9-b9f7-49d2-b950-6d4fe94bfc4f,Gandhi PLC,IT,Ahmedabad,Gujarat,India,Customer,Active,b6493aae-776e-4baa-a4f2-3d0a8ebbd3a3,2026-03-03,2026-05-16 13:51:14.707995,
32b011d8-9106-4711-8c73-b508d785f604,Badal Group,Pharma,Mumbai,Maharashtra,India,Customer,Active,13815ae1-d9c7-4b60-877c-5b354527caac,2026-05-04,2026-05-16 13:51:14.708055,
7fd17f5b-81b9-4e43-a3b4-696b262afffe,"Parekh, Ramachandran and Misra",IT,Surat,Gujarat,India,Customer,Active,0c6634a5-fb54-4e6c-91ef-7ec0e2cc3378,2026-05-10,2026-05-16 13:51:14.708124,
2ed2e0e1-d597-4bac-afa5-e98cf35627a5,"Buch, Naidu and Majumdar",Retail,Pune,Maharashtra,India,Customer,Active,566164f0-b746-41f4-b85a-4806de2c294b,2026-01-30,2026-05-16 13:51:14.708190,
2b90eeae-2cef-4e75-aee2-7f9b9ab274e3,Dasgupta PLC,Logistics,Chennai,Tamil Nadu,India,Customer,Active,7a1b7ad6-e2d2-4e32-9902-ba4caebc581d,2026-04-01,2026-05-16 13:51:14.708251,
3380655a-903a-4cb8-9964-47481916e018,"Grover, Bhatti and Patel",Wholesale,Nashik,Maharashtra,India,Customer,Active,616ac0bf-be55-4a3c-aa34-f023ca00068f,2026-04-16,2026-05-16 13:51:14.708317,
4c64f43b-3ae9-4187-8fa2-9bb280d1b610,Mital PLC,Retail,Mumbai,Maharashtra,India,Customer,Active,e75d85fc-9d80-421a-aa90-2624363de215,2026-01-24,2026-05-16 13:51:14.708376,
7d301b88-9b87-4007-8097-7f3a5e6ba70b,"Bhat, Pingle and Amble",Services,Bangalore,Karnataka,India,Customer,Active,08bef480-7ca7-4624-9756-6860f8fe8ba5,2026-05-05,2026-05-16 13:51:14.708439,
44fe8110-014c-447f-89ed-50fe32debc09,Kumar-Nanda,Logistics,Mumbai,Maharashtra,India,Customer,Active,e441befa-88af-4f32-a4b7-caa2f90837a6,2026-01-21,2026-05-16 13:51:14.708498,
6ca62706-c175-4ecd-b7b3-52c06f32717e,Balakrishnan Inc,Wholesale,Pune,Maharashtra,India,Customer,Active,616ac0bf-be55-4a3c-aa34-f023ca00068f,2026-03-08,2026-05-16 13:51:14.708570,
63769854-cb38-4e8d-bab2-5ab6f44185ee,Prashad-Bala,Services,Ahmedabad,Gujarat,India,Customer,Active,85cb5067-c9a3-4ea0-b695-f80c7e19abf2,2026-04-27,2026-05-16 13:51:14.708621,
4a8b2c70-102c-4be2-98f2-4d78e90f1665,Master-Rout,Retail,Ahmedabad,Gujarat,India,Customer,Active,08bef480-7ca7-4624-9756-6860f8fe8ba5,2026-02-28,2026-05-16 13:51:14.708670,
52ed5bd6-8633-455a-adc1-e69e6c21a62c,"Raj, Rajan and Seth",Services,Ahmedabad,Gujarat,India,Customer,Active,b6493aae-776e-4baa-a4f2-3d0a8ebbd3a3,2026-03-29,2026-05-16 13:51:14.708723,
47b1b92b-fa30-4e5d-bbb1-886bbf38e245,Dasgupta Ltd,Manufacturing,Chennai,Tamil Nadu,India,Customer,Active,f9140f89-9c0b-4ce1-8467-c50ef091fb7a,2026-04-29,2026-05-16 13:51:14.708779,
916e2e42-7c2d-476e-b3e9-a6ddd5da873b,Goda Group,Logistics,Surat,Gujarat,India,Customer,Active,e75d85fc-9d80-421a-aa90-2624363de215,2026-04-14,2026-05-16 13:51:14.708828,
aa473890-9cde-4340-b9a2-f1b70e849648,Sathe Inc,Wholesale,Hyderabad,Telangana,India,Customer,Active,5adbfff5-e09e-439c-ac07-42c4619ce4f5,2026-04-09,2026-05-16 13:51:14.708882,
e7d0b4b4-8213-45de-b513-c9d504c1bfec,Patla-Oommen,Wholesale,Kochi,Kerala,India,Customer,Active,42050019-05f0-4de7-b45b-cea5eda7386f,2026-02-15,2026-05-16 13:51:14.708933,
141d2caa-a198-43dc-8293-a7b4b32e03fb,Sheth-Saraf,Services,Kochi,Kerala,India,Customer,Active,08bef480-7ca7-4624-9756-6860f8fe8ba5,2026-02-03,2026-05-16 13:51:14.708982,
66a6e12d-b2d1-4277-a996-85932caf39fc,"Kota, Wali and Chada",IT,Hyderabad,Telangana,India,Customer,Active,7a1b7ad6-e2d2-4e32-9902-ba4caebc581d,2026-04-07,2026-05-16 13:51:14.709037,
7e4799d3-f4f8-42ca-846d-708d722afefa,Palla-Konda,Pharma,Pune,Maharashtra,India,Customer,Active,e441befa-88af-4f32-a4b7-caa2f90837a6,2026-02-20,2026-05-16 13:51:14.709087,
e06f7e1a-7a6a-4a28-96ee-376a187ce7d7,"Ram, Bajwa and Jani",Services,Bangalore,Karnataka,India,Customer,Active,f9140f89-9c0b-4ce1-8467-c50ef091fb7a,2026-01-18,2026-05-16 13:51:14.709141,
62477934-9400-4931-820d-be6d9aceff8e,"Ratti, Srinivas and Thakkar",Manufacturing,Kochi,Kerala,India,Customer,Active,95287636-f2f6-4a35-8af3-a9fe68a5d1c0,2026-04-11,2026-05-16 13:51:14.709195,
df455bda-5a75-4beb-ba7f-83f4bdb867ea,Thakkar PLC,Logistics,Pune,Maharashtra,India,Customer,Active,0c6634a5-fb54-4e6c-91ef-7ec0e2cc3378,2026-04-11,2026-05-16 13:51:14.709245,
4a14468a-3592-4279-9c5e-0881283ebff5,Zacharia-Srinivas,Pharma,Pune,Maharashtra,India,Customer,Active,404d7654-52ae-4333-91d7-753b4d63789e,2026-03-07,2026-05-16 13:51:14.709298,
f3eb9485-3695-4d1f-820c-9de91bd25f0a,Sen-Yadav,Wholesale,Surat,Gujarat,India,Customer,Active,0c6634a5-fb54-4e6c-91ef-7ec0e2cc3378,2026-03-16,2026-05-16 13:51:14.709348,
45b69de4-e96c-42a4-9078-e3e99adca964,Nayak-Vyas,Wholesale,Delhi,Delhi,India,Customer,Active,404d7654-52ae-4333-91d7-753b4d63789e,2026-05-02,2026-05-16 13:51:14.709397,
eedbbae4-421e-459d-99b8-d0ab2971671a,"Dugal, Ramaswamy and Thaman",Wholesale,Pune,Maharashtra,India,Customer,Active,85cb5067-c9a3-4ea0-b695-f80c7e19abf2,2026-03-16,2026-05-16 13:51:14.709450,
c36f688e-cb9e-4c28-af8a-6bb0f08bbf99,"Magar, Sundaram and Bahl",Logistics,Surat,Gujarat,India,Customer,Active,6f9c7382-0bb3-450e-aef4-dc8380654217,2026-01-27,2026-05-16 13:51:14.709503,
5487cf7d-9275-413e-98fe-406157343e28,Dayal-Madan,Logistics,Ahmedabad,Gujarat,India,Customer,Active,404d7654-52ae-4333-91d7-753b4d63789e,2026-01-18,2026-05-16 13:51:14.709552,
e992f506-185a-45d5-a6b1-da7ea65d6b86,Buch-Nair,IT,Ahmedabad,Gujarat,India,Customer,Active,560f2adc-162e-473b-8cd1-0546376e74e9,2026-01-28,2026-05-16 13:51:14.709600,
e39561de-c687-4c2d-8d31-8b8c13d201d4,"Korpal, Pradhan and Verma",Wholesale,Surat,Gujarat,India,Customer,Active,95287636-f2f6-4a35-8af3-a9fe68a5d1c0,2026-02-20,2026-05-16 13:51:14.709653,
ce50b680-470d-4885-8657-9c900b4bbed2,"Sachar, Sanghvi and Kunda",Retail,Ahmedabad,Gujarat,India,Customer,Active,95287636-f2f6-4a35-8af3-a9fe68a5d1c0,2026-05-13,2026-05-16 13:51:14.709706,
e6bb9566-0f24-4d8a-851b-8163a7274dd3,"Nazareth, Setty and Dey",Manufacturing,Nashik,Maharashtra,India,Customer,Active,b6493aae-776e-4baa-a4f2-3d0a8ebbd3a3,2026-01-18,2026-05-16 13:51:14.709775,
bb1b9e0a-3e8a-4495-8cb8-49ae36a48eb1,"Borde, Gala and Dixit",Pharma,Ahmedabad,Gujarat,India,Customer,Active,5adbfff5-e09e-439c-ac07-42c4619ce4f5,2026-03-06,2026-05-16 13:51:14.709835,
e39bfaaa-02c6-4888-b398-f3b287ec3a21,Rau Ltd,Manufacturing,Delhi,Delhi,India,Customer,Active,a5499ef3-1ed0-4e7d-b2d8-5e51f825a648,2026-05-03,2026-05-16 13:51:14.709885,
3e20d71c-b9aa-4851-a6e0-4516f913526a,"Goyal, Mangat and Tripathi",Services,Kochi,Kerala,India,Customer,Active,85cb5067-c9a3-4ea0-b695-f80c7e19abf2,2026-05-10,2026-05-16 13:51:14.709945,
ea2ccef1-4ea7-4d6b-bb8c-7d251640cb16,Karnik Ltd,IT,Hyderabad,Telangana,India,Customer,Active,13815ae1-d9c7-4b60-877c-5b354527caac,2026-04-20,2026-05-16 13:51:14.709998,
d87b5fda-abc8-4160-a7ed-2b95775ea03e,Sundaram-Bhagat,Manufacturing,Mumbai,Maharashtra,India,Customer,Active,85cb5067-c9a3-4ea0-b695-f80c7e19abf2,2026-04-07,2026-05-16 13:51:14.710048,
1af9d24c-74d1-4ef1-be8c-2d2e7957bf34,Varkey-Chacko,IT,Delhi,Delhi,India,Customer,Active,0c6634a5-fb54-4e6c-91ef-7ec0e2cc3378,2026-03-18,2026-05-16 13:51:14.710102,
14058dc3-90c7-4c58-a040-15b1ac144b26,"Dey, Pradhan and Vohra",Wholesale,Kochi,Kerala,India,Customer,Active,a5499ef3-1ed0-4e7d-b2d8-5e51f825a648,2026-02-21,2026-05-16 13:51:14.710156,
a0bd5db2-785c-414c-85f5-f06021722d23,"Thakkar, Kakar and Krishna",Retail,Nashik,Maharashtra,India,Customer,Active,95287636-f2f6-4a35-8af3-a9fe68a5d1c0,2026-04-15,2026-05-16 13:51:14.710211,
2246baf3-0365-4d54-bd19-c177ebb1acc8,Nigam-Varghese,Retail,Kochi,Kerala,India,Customer,Active,566164f0-b746-41f4-b85a-4806de2c294b,2026-01-02,2026-05-16 13:51:14.710260,
1f5bf249-1b1c-41da-8b76-42ed460e1b33,"Soman, Bhalla and Bose",Retail,Bangalore,Karnataka,India,Customer,Active,5adbfff5-e09e-439c-ac07-42c4619ce4f5,2026-01-05,2026-05-16 13:51:14.710313,
b3a40edc-70bd-47cc-8ee6-01cb6417e17b,Comar and Sons,Wholesale,Kochi,Kerala,India,Customer,Active,a479e5cf-9f94-4433-ad29-445f2f57265f,2026-04-16,2026-05-16 13:51:14.710367,
8082d55f-b62b-4a35-ae44-b24a38235c62,Nair-Nagi,IT,Kochi,Kerala,India,Customer,Active,0ef691cb-a3b6-4c00-93f4-b28b0fe40706,2026-03-28,2026-05-16 13:51:14.710417,
855c6155-344c-4583-b6ef-cb08b1bbad64,Prabhakar Inc,Logistics,Ahmedabad,Gujarat,India,Customer,Active,42050019-05f0-4de7-b45b-cea5eda7386f,2026-02-24,2026-05-16 13:51:14.710467,
73bbaa4c-9d3f-45c8-9a0d-381dca4d609c,Sood-Sethi,Logistics,Hyderabad,Telangana,India,Customer,Active,e75d85fc-9d80-421a-aa90-2624363de215,2026-03-18,2026-05-16 13:51:14.710515,
e5a7604f-29ff-4991-b825-4dd024462e1f,"Kade, Sahota and Chokshi",Wholesale,Bangalore,Karnataka,India,Customer,Active,6f9c7382-0bb3-450e-aef4-dc8380654217,2026-05-04,2026-05-16 13:51:14.710571,
60c362fb-dd93-4044-acdc-47318c4f6ec5,Raval-Sandal,Manufacturing,Nashik,Maharashtra,India,Customer,Active,85cb5067-c9a3-4ea0-b695-f80c7e19abf2,2026-04-20,2026-05-16 13:51:14.710626,
89c5ce48-ce18-4780-ba8d-207104f150ca,Kunda-Mitter,Services,Nashik,Maharashtra,India,Customer,Active,42050019-05f0-4de7-b45b-cea5eda7386f,2026-03-22,2026-05-16 13:51:14.710677,
20604135-3187-481a-9b30-a49481dfc7c7,Basu PLC,IT,Pune,Maharashtra,India,Customer,Active,e43d49a0-a034-48f7-8094-69c8ec022f41,2026-01-11,2026-05-16 13:51:14.710729,
da37a84e-db37-4717-8964-5770dd7a03d4,"Sastry, Gara and Halder",Services,Nashik,Maharashtra,India,Customer,Active,616ac0bf-be55-4a3c-aa34-f023ca00068f,2026-03-14,2026-05-16 13:51:14.710784,
bd50d25e-4fac-4427-96dd-d234b054bd1c,"Bora, Cheema and Mani",Retail,Bangalore,Karnataka,India,Customer,Active,95287636-f2f6-4a35-8af3-a9fe68a5d1c0,2026-01-02,2026-05-16 13:51:14.710838,
cd599534-25dd-4044-aa7a-df0b5e7a5ebf,"Bahri, Dugar and Handa",Pharma,Delhi,Delhi,India,Customer,Active,6f9c7382-0bb3-450e-aef4-dc8380654217,2026-05-06,2026-05-16 13:51:14.710898,
d60c6140-4d4c-4014-9312-e18d93b0ae26,"Deep, Varghese and Manda",Wholesale,Hyderabad,Telangana,India,Customer,Active,a5499ef3-1ed0-4e7d-b2d8-5e51f825a648,2026-05-07,2026-05-16 13:51:14.710951,
360f7636-cda8-4ea9-84de-98a3dd48aed1,"Rajagopalan, Yohannan and Shan",Retail,Pune,Maharashtra,India,Customer,Active,13815ae1-d9c7-4b60-877c-5b354527caac,2026-05-13,2026-05-16 13:51:14.711006,
f019d09e-c6f1-4649-9cfb-a4d748d97ed0,"Choudhary, Bahri and Mandal",IT,Kochi,Kerala,India,Customer,Active,b6493aae-776e-4baa-a4f2-3d0a8ebbd3a3,2026-04-29,2026-05-16 13:51:14.711062,
12491c96-a92e-4aeb-8e34-55711b3675c4,Madan and Sons,Manufacturing,Bangalore,Karnataka,India,Customer,Active,616ac0bf-be55-4a3c-aa34-f023ca00068f,2026-02-27,2026-05-16 13:51:14.711113,
0d596fda-64bd-4b9f-aa2e-43f07504f476,Sandal PLC,Pharma,Kochi,Kerala,India,Customer,Active,404d7654-52ae-4333-91d7-753b4d63789e,2026-03-29,2026-05-16 13:51:14.711164,
531a8e9b-7118-44b4-9955-75ae0bbd4c79,Garde Group,Retail,Nashik,Maharashtra,India,Customer,Active,616ac0bf-be55-4a3c-aa34-f023ca00068f,2026-04-02,2026-05-16 13:51:14.711219,
ec1d698e-4429-4ea8-a7d8-0e9dc244edcb,Bhatti-Gill,Services,Pune,Maharashtra,India,Customer,Active,6f9c7382-0bb3-450e-aef4-dc8380654217,2026-02-10,2026-05-16 13:51:14.711269,
88714e9b-5e6d-4a4f-a868-0f459d87c188,"Chacko, Balan and Kota",IT,Delhi,Delhi,India,Customer,Active,a479e5cf-9f94-4433-ad29-445f2f57265f,2026-04-03,2026-05-16 13:51:14.711322,
093d8dd9-53a1-44df-b017-cebe0c63d609,Dhillon-Andra,Services,Delhi,Delhi,India,Customer,Active,e75d85fc-9d80-421a-aa90-2624363de215,2026-01-31,2026-05-16 13:51:14.711372,
994b5fd6-9dde-4c53-b281-8a45f0c3bedc,Rao and Sons,IT,Ahmedabad,Gujarat,India,Customer,Active,e441befa-88af-4f32-a4b7-caa2f90837a6,2026-03-17,2026-05-16 13:51:14.711427,
419c62c0-510c-4bbc-ac10-3208edf64358,"Chaudhuri, Palan and Kamdar",IT,Delhi,Delhi,India,Customer,Active,f9140f89-9c0b-4ce1-8467-c50ef091fb7a,2026-01-28,2026-05-16 13:51:14.711482,
6f948b38-04a9-4456-baaa-2869ad2a800c,Natarajan-Goswami,Retail,Hyderabad,Telangana,India,Customer,Active,0ef691cb-a3b6-4c00-93f4-b28b0fe40706,2026-01-05,2026-05-16 13:51:14.711532,
4d2925ee-3b81-4764-9dd7-6ad104f50b50,Keer Group,IT,Pune,Maharashtra,India,Customer,Active,566164f0-b746-41f4-b85a-4806de2c294b,2026-04-29,2026-05-16 13:51:14.711581,
a4fb5ad8-c5ae-48b1-b9ef-4830a13624df,Kale-Buch,Wholesale,Mumbai,Maharashtra,India,Customer,Active,7a1b7ad6-e2d2-4e32-9902-ba4caebc581d,2026-02-25,2026-05-16 13:51:14.711630,
24224837-86d5-46ab-8a47-bd549dddac54,"Parekh, Dara and Shah",Manufacturing,Delhi,Delhi,India,Customer,Active,85cb5067-c9a3-4ea0-b695-f80c7e19abf2,2026-02-12,2026-05-16 13:51:14.711681,
0b085d47-ab88-4355-aacb-d8150bde9b6d,Upadhyay-Hegde,Pharma,Delhi,Delhi,India,Customer,Active,a5499ef3-1ed0-4e7d-b2d8-5e51f825a648,2026-02-03,2026-05-16 13:51:14.711742,
c834166a-6cc7-403f-abc1-2de6492f4bbe,Sidhu-Nayar,Retail,Pune,Maharashtra,India,Customer,Active,7a1b7ad6-e2d2-4e32-9902-ba4caebc581d,2026-01-18,2026-05-16 13:51:14.711795,
fcf20c7b-9e2f-44a9-a544-d5939ad57eac,"Chaudry, Tak and Keer",Services,Bangalore,Karnataka,India,Customer,Active,85cb5067-c9a3-4ea0-b695-f80c7e19abf2,2026-05-04,2026-05-16 13:51:14.711849,
b9a0e9f8-726c-46ea-8292-5b1dd4d424c2,Parsa-Parmar,Services,Nashik,Maharashtra,India,Customer,Active,616ac0bf-be55-4a3c-aa34-f023ca00068f,2026-03-13,2026-05-16 13:51:14.711899,
e9949b4a-9774-4c54-a584-1889036077bd,Lal-Gour,Manufacturing,Delhi,Delhi,India,Customer,Active,e441befa-88af-4f32-a4b7-caa2f90837a6,2026-02-17,2026-05-16 13:51:14.711954,
a60c86c9-43de-4800-b6de-8795fc37a054,Bobal PLC,Services,Kochi,Kerala,India,Customer,Active,0c6634a5-fb54-4e6c-91ef-7ec0e2cc3378,2026-04-27,2026-05-16 13:51:14.712004,
ef5b1b05-1c3d-4379-ad34-8320a9e389ec,"Nath, Bhakta and Tak",IT,Ahmedabad,Gujarat,India,Customer,Active,42050019-05f0-4de7-b45b-cea5eda7386f,2026-04-18,2026-05-16 13:51:14.712060,
3e246924-ef22-4ba4-986c-e9284d8f8acd,"Upadhyay, Mann and Shan",Manufacturing,Ahmedabad,Gujarat,India,Customer,Active,566164f0-b746-41f4-b85a-4806de2c294b,2026-02-24,2026-05-16 13:51:14.712115,
835ae83e-a292-4f3b-8dd0-2272c5392ad1,Garde-Mittal,Logistics,Chennai,Tamil Nadu,India,Customer,Active,08bef480-7ca7-4624-9756-6860f8fe8ba5,2026-04-16,2026-05-16 13:51:14.712164,
c33842f5-3a91-4d85-b465-2de3ee254089,"Saha, Wason and Shukla",Manufacturing,Delhi,Delhi,India,Customer,Active,8daeff47-fa6c-4ca6-a276-681e87f1e034,2026-02-13,2026-05-16 13:51:14.712221,
943a18cb-35bc-4507-991d-489898eda6bb,Devan LLC,Services,Pune,Maharashtra,India,Customer,Active,85cb5067-c9a3-4ea0-b695-f80c7e19abf2,2026-02-11,2026-05-16 13:51:14.712271,
0f60eade-ab07-4456-a4fe-ea34006d06e6,Dara PLC,IT,Pune,Maharashtra,India,Customer,Active,3c2514fb-429d-444a-bc6c-7c4a2ce757be,2026-05-02,2026-05-16 13:51:14.712326,
95a93fd3-edba-4210-a24a-b661d58d90d2,Mand-Raval,Pharma,Bangalore,Karnataka,India,Customer,Active,f8ad7ff5-bd31-4f9e-934f-a32327b5c155,2026-01-11,2026-05-16 13:51:14.712381,
d3945f67-63f9-4655-85ae-fe8400b4e953,"Varghese, Batra and Munshi",Services,Bangalore,Karnataka,India,Customer,Active,566164f0-b746-41f4-b85a-4806de2c294b,2026-04-26,2026-05-16 13:51:14.712434,
b89efa7a-7f4b-47b9-ab68-89fab2e111bd,Sankaran Group,Logistics,Surat,Gujarat,India,Customer,Active,e75d85fc-9d80-421a-aa90-2624363de215,2026-02-20,2026-05-16 13:51:14.712487,
60836dfd-943b-4288-9d7a-82edc431c661,Bhat-Sama,Services,Pune,Maharashtra,India,Customer,Active,e441befa-88af-4f32-a4b7-caa2f90837a6,2026-04-02,2026-05-16 13:51:14.712537,
6ee1b9b2-43b9-47a3-81b6-65661dd327ff,Guha-Dhawan,Logistics,Kochi,Kerala,India,Customer,Active,560f2adc-162e-473b-8cd1-0546376e74e9,2026-05-02,2026-05-16 13:51:14.712586,
ed792b6b-b170-469e-8b2d-31f16b48485a,Sathe Inc,Logistics,Hyderabad,Telangana,India,Customer,Active,6f9c7382-0bb3-450e-aef4-dc8380654217,2026-03-17,2026-05-16 13:51:14.712634,
82675531-01b7-4ed1-b115-2fa0a524369c,Madan Inc,Services,Pune,Maharashtra,India,Customer,Active,f9140f89-9c0b-4ce1-8467-c50ef091fb7a,2026-01-12,2026-05-16 13:51:14.712683,
8ca559d0-201a-4bd0-bf3c-c7c8b3418908,Nadig-Kala,Logistics,Hyderabad,Telangana,India,Customer,Active,42050019-05f0-4de7-b45b-cea5eda7386f,2026-01-11,2026-05-16 13:51:14.712732,
e11c0446-2ff1-433d-aabc-ae8cc6707606,Nayar-Misra,Services,Bangalore,Karnataka,India,Customer,Active,5adbfff5-e09e-439c-ac07-42c4619ce4f5,2026-01-23,2026-05-16 13:51:14.712780,
6c225936-8450-4a29-9210-75bc382ac575,Karnik-Mangal,Manufacturing,Nashik,Maharashtra,India,Customer,Active,0ef691cb-a3b6-4c00-93f4-b28b0fe40706,2026-03-27,2026-05-16 13:51:14.712828,
fafef39a-11c9-4698-9670-252dc2b6d5c2,Ramaswamy-Prabhakar,Services,Delhi,Delhi,India,Customer,Active,5adbfff5-e09e-439c-ac07-42c4619ce4f5,2026-04-01,2026-05-16 13:51:14.712877,
5b67f648-55f6-441a-ad98-aca72f75e441,"Zacharia, Nayak and Sood",Services,Kochi,Kerala,India,Customer,Active,a5499ef3-1ed0-4e7d-b2d8-5e51f825a648,2026-01-04,2026-05-16 13:51:14.712930,
972b29c4-3c47-4773-bc4c-3cc77b88ea28,Sachdeva-Jain,IT,Mumbai,Maharashtra,India,Customer,Active,e43d49a0-a034-48f7-8094-69c8ec022f41,2026-02-27,2026-05-16 13:51:14.712983,
1773b467-96ab-465a-839d-0b51e20210fa,Grover LLC,Wholesale,Delhi,Delhi,India,Customer,Active,0c6634a5-fb54-4e6c-91ef-7ec0e2cc3378,2026-02-20,2026-05-16 13:51:14.713032,
dee28de0-5eca-4969-ae91-5702145f2714,Lalla LLC,IT,Nashik,Maharashtra,India,Customer,Active,13815ae1-d9c7-4b60-877c-5b354527caac,2026-03-05,2026-05-16 13:51:14.713085,
b5681ffe-18fa-41f3-bbb6-e77e1292383c,Singh LLC,Pharma,Delhi,Delhi,India,Customer,Active,7a1b7ad6-e2d2-4e32-9902-ba4caebc581d,2026-03-15,2026-05-16 13:51:14.713135,
44a99b05-0250-4db5-99cd-627d285f12ee,"Rai, Suresh and Kannan",Logistics,Delhi,Delhi,India,Customer,Active,3c2514fb-429d-444a-bc6c-7c4a2ce757be,2026-01-05,2026-05-16 13:51:14.713188,
26d1c499-f587-440b-925a-d962bf838190,"Rout, Dhingra and Bumb",Logistics,Delhi,Delhi,India,Customer,Active,13815ae1-d9c7-4b60-877c-5b354527caac,2026-04-20,2026-05-16 13:51:14.713241,
487688bf-70e2-490f-8f97-d7142befe77a,Upadhyay-Kalita,Manufacturing,Pune,Maharashtra,India,Customer,Active,0c6634a5-fb54-4e6c-91ef-7ec0e2cc3378,2026-03-31,2026-05-16 13:51:14.713290,
4e293a8c-09f3-4aed-b9bf-5f8b0d8bc341,Handa Ltd,Pharma,Ahmedabad,Gujarat,India,Customer,Active,e75d85fc-9d80-421a-aa90-2624363de215,2026-01-22,2026-05-16 13:51:14.713342,
a66cbb5a-ac21-420a-8378-5973b445688d,Bobal Ltd,IT,Kochi,Kerala,India,Customer,Active,e75d85fc-9d80-421a-aa90-2624363de215,2026-04-04,2026-05-16 13:51:14.713391,
9537ba67-5e0b-4f2b-b07c-f2edff687d5e,Bal Ltd,Manufacturing,Kochi,Kerala,India,Customer,Active,fca4d392-94e8-47e1-bdb4-3dca1cb88b3a,2026-04-06,2026-05-16 13:51:14.713441,
b533521f-64da-4050-bbdb-7e0c5cba9d4d,"Shukla, Shankar and Bath",Logistics,Nashik,Maharashtra,India,Customer,Active,b6493aae-776e-4baa-a4f2-3d0a8ebbd3a3,2026-05-03,2026-05-16 13:51:14.713498,
7775c245-611f-42e8-8927-dabc98afdddd,"Karnik, Parsa and Gola",Wholesale,Kochi,Kerala,India,Customer,Active,404d7654-52ae-4333-91d7-753b4d63789e,2026-02-05,2026-05-16 13:51:14.713551,
13d37423-dc11-40f6-9dbd-cc092d1674bf,Ram Inc,Services,Ahmedabad,Gujarat,India,Customer,Active,616ac0bf-be55-4a3c-aa34-f023ca00068f,2026-02-19,2026-05-16 13:51:14.713610,
0ed995f8-f3b1-45e2-a3c8-210918aa9c98,Keer-Datta,Pharma,Nashik,Maharashtra,India,Customer,Active,e75d85fc-9d80-421a-aa90-2624363de215,2026-04-19,2026-05-16 13:51:14.713652,
c61f8de1-1452-4b32-b267-6ae2c954db59,"Mannan, Borde and Sinha",Pharma,Ahmedabad,Gujarat,India,Customer,Active,85cb5067-c9a3-4ea0-b695-f80c7e19abf2,2026-04-13,2026-05-16 13:51:14.713731,
7d6c3d95-a9ce-4803-9890-19534b32ec4d,Krishna-Dugar,Services,Chennai,Tamil Nadu,India,Customer,Active,a5499ef3-1ed0-4e7d-b2d8-5e51f825a648,2026-03-18,2026-05-16 13:51:14.713785,
aa89c6f3-a57d-48fa-be26-4897040ddf43,Comar LLC,IT,Nashik,Maharashtra,India,Customer,Active,a5499ef3-1ed0-4e7d-b2d8-5e51f825a648,2026-02-26,2026-05-16 13:51:14.713829,
e74db5ae-cf2a-46e0-aef5-1c9dbb89072d,Tripathi Inc,Manufacturing,Nashik,Maharashtra,India,Customer,Active,13815ae1-d9c7-4b60-877c-5b354527caac,2026-01-07,2026-05-16 13:51:14.713875,
8c251eaf-f2d4-4dbf-8a8b-12d730bbf2ed,Kakar-Varty,Manufacturing,Kochi,Kerala,India,Customer,Active,f8ad7ff5-bd31-4f9e-934f-a32327b5c155,2026-02-22,2026-05-16 13:51:14.713917,
1faf4f74-fa3b-49a9-85f7-7d799f76bf0b,Agate-Kari,Manufacturing,Kochi,Kerala,India,Customer,Active,e441befa-88af-4f32-a4b7-caa2f90837a6,2026-01-02,2026-05-16 13:51:14.713959,
dd5205b5-bba0-49ed-9ff5-53bc5d581f6d,Warrior-Tandon,Wholesale,Bangalore,Karnataka,India,Customer,Active,0c6634a5-fb54-4e6c-91ef-7ec0e2cc3378,2026-05-15,2026-05-16 13:51:14.714005,
f9cc12c8-5f24-4a7f-9dc7-66b710a59368,Nagarajan-Rege,Manufacturing,Nashik,Maharashtra,India,Customer,Active,a479e5cf-9f94-4433-ad29-445f2f57265f,2026-05-09,2026-05-16 13:51:14.714047,
87140cbf-19d7-47b5-b7bf-925c22baa7b4,"De, Bal and Suri",Retail,Surat,Gujarat,India,Customer,Active,566164f0-b746-41f4-b85a-4806de2c294b,2026-04-26,2026-05-16 13:51:14.714093,
c1c0f4db-bd77-4285-bff4-ecdcfac4cc58,"Natt, Mane and Koshy",Retail,Nashik,Maharashtra,India,Customer,Active,a5499ef3-1ed0-4e7d-b2d8-5e51f825a648,2026-04-26,2026-05-16 13:51:14.714138,
5a68062b-fb8c-420f-a40d-ab1b94f72953,Karpe Inc,Pharma,Mumbai,Maharashtra,India,Customer,Active,42050019-05f0-4de7-b45b-cea5eda7386f,2026-03-16,2026-05-16 13:51:14.714182,
66b0fcfb-ea85-412c-bf6a-d2222793c9c0,Ganesan-Dani,IT,Surat,Gujarat,India,Customer,Active,7a1b7ad6-e2d2-4e32-9902-ba4caebc581d,2026-03-19,2026-05-16 13:51:14.714224,
abf967e7-59f9-41cf-a10b-daa79365b2f4,Sandhu PLC,IT,Hyderabad,Telangana,India,Customer,Active,5adbfff5-e09e-439c-ac07-42c4619ce4f5,2026-01-14,2026-05-16 13:51:14.714265,
bca50cbd-3275-445e-b415-a7cd17f07f9f,Zachariah Group,Manufacturing,Surat,Gujarat,India,Customer,Active,08bef480-7ca7-4624-9756-6860f8fe8ba5,2026-01-06,2026-05-16 13:51:14.714308,
3fb3f003-6b54-4492-9d16-f8d69cfaf255,"Trivedi, Brar and Mahajan",Services,Ahmedabad,Gujarat,India,Customer,Active,a5499ef3-1ed0-4e7d-b2d8-5e51f825a648,2026-03-29,2026-05-16 13:51:14.714353,
e91282c9-f03c-4c49-a2dc-0a2dc67370c7,"Shenoy, Balay and Ramaswamy",Logistics,Delhi,Delhi,India,Customer,Active,404d7654-52ae-4333-91d7-753b4d63789e,2026-02-21,2026-05-16 13:51:14.714399,
a3f8a286-efa5-4bb3-baea-ae6366409397,Choudhary LLC,Services,Nashik,Maharashtra,India,Customer,Active,560f2adc-162e-473b-8cd1-0546376e74e9,2026-01-19,2026-05-16 13:51:14.714445,
522e81bb-cf7b-4f7b-92d2-03fc5c58b236,Baria-Pillay,Services,Hyderabad,Telangana,India,Customer,Active,566164f0-b746-41f4-b85a-4806de2c294b,2026-02-12,2026-05-16 13:51:14.714492,
c55cfa36-4967-4bcb-b35d-8852e060622b,Butala and Sons,Manufacturing,Bangalore,Karnataka,India,Customer,Active,6f9c7382-0bb3-450e-aef4-dc8380654217,2026-04-23,2026-05-16 13:51:14.714535,
6ad937c7-354a-44b0-b048-5cdbd20a4765,Handa-Suri,Retail,Nashik,Maharashtra,India,Customer,Active,e43d49a0-a034-48f7-8094-69c8ec022f41,2026-04-09,2026-05-16 13:51:14.714580,
f54ac125-b562-451d-8f14-6417e4db891f,Bora and Sons,Pharma,Ahmedabad,Gujarat,India,Customer,Active,0c6634a5-fb54-4e6c-91ef-7ec0e2cc3378,2026-02-18,2026-05-16 13:51:14.714624,
392eb70f-afa1-412d-94f1-883f52f70a36,Ahluwalia-Bumb,Pharma,Mumbai,Maharashtra,India,Customer,Active,566164f0-b746-41f4-b85a-4806de2c294b,2026-01-06,2026-05-16 13:51:14.714669,
ba8c8499-8574-4077-a9ab-d1bcaa4fa5e0,"Magar, Dutt and Koshy",Retail,Mumbai,Maharashtra,India,Customer,Active,616ac0bf-be55-4a3c-aa34-f023ca00068f,2026-02-01,2026-05-16 13:51:14.714715,
fb9c2b9e-9d70-4f81-8564-0840e9641549,Walla-Swamy,Wholesale,Surat,Gujarat,India,Customer,Active,f9140f89-9c0b-4ce1-8467-c50ef091fb7a,2026-05-15,2026-05-16 13:51:14.714758,
fdfb5f7a-fda6-4650-b00b-da669c4d439b,Varma Inc,IT,Ahmedabad,Gujarat,India,Customer,Active,566164f0-b746-41f4-b85a-4806de2c294b,2026-02-05,2026-05-16 13:51:14.714800,
06b025d7-e56d-4a0e-91cc-e997ceeb740e,"Ganguly, Srinivasan and Sharma",Manufacturing,Hyderabad,Telangana,India,Customer,Active,42050019-05f0-4de7-b45b-cea5eda7386f,2026-03-31,2026-05-16 13:51:14.714847,
db288351-9b94-486d-a290-db149a93ce18,"Mandal, Batta and Varma",Manufacturing,Hyderabad,Telangana,India,Customer,Active,3c2514fb-429d-444a-bc6c-7c4a2ce757be,2026-01-07,2026-05-16 13:51:14.714897,
5fbaeac8-6a2d-49b0-8251-7c8e2b084ff9,Bose-Sama,Services,Chennai,Tamil Nadu,India,Customer,Active,13815ae1-d9c7-4b60-877c-5b354527caac,2026-03-24,2026-05-16 13:51:14.714939,
bee43a1c-4602-485a-948f-eb7c44725d4f,Bumb and Sons,Manufacturing,Mumbai,Maharashtra,India,Customer,Active,3c2514fb-429d-444a-bc6c-7c4a2ce757be,2026-04-28,2026-05-16 13:51:14.714985,
95c9c4f5-828b-409c-88db-c20ff21f49bb,"Kaul, Kant and Mall",Logistics,Bangalore,Karnataka,India,Customer,Active,0ef691cb-a3b6-4c00-93f4-b28b0fe40706,2026-04-10,2026-05-16 13:51:14.715032,
f61eac01-72de-494c-90ad-f2bda0661b08,Varma-Tank,Pharma,Pune,Maharashtra,India,Customer,Active,e441befa-88af-4f32-a4b7-caa2f90837a6,2026-04-06,2026-05-16 13:51:14.715073,
2a2d9409-af31-458b-b3de-4ef24517ae7c,Deshpande Inc,Wholesale,Mumbai,Maharashtra,India,Customer,Active,a479e5cf-9f94-4433-ad29-445f2f57265f,2026-02-13,2026-05-16 13:51:14.715116,
4f514372-40c5-459c-97f3-285161caf365,Puri Ltd,IT,Bangalore,Karnataka,India,Customer,Active,a5499ef3-1ed0-4e7d-b2d8-5e51f825a648,2026-03-19,2026-05-16 13:51:14.715158,
e3037b8d-ea50-43e4-8f5f-4a6372dfe1cc,Mitter-Hegde,IT,Chennai,Tamil Nadu,India,Customer,Active,566164f0-b746-41f4-b85a-4806de2c294b,2026-04-02,2026-05-16 13:51:14.715200,
1eb32765-4c1b-47ab-b73d-0738222c7afc,Pingle Group,Wholesale,Delhi,Delhi,India,Customer,Active,e441befa-88af-4f32-a4b7-caa2f90837a6,2026-01-14,2026-05-16 13:51:14.715243,
91a50191-6be0-43ee-b4af-bd5113fa33f3,Varkey and Sons,IT,Nashik,Maharashtra,India,Customer,Active,95287636-f2f6-4a35-8af3-a9fe68a5d1c0,2026-02-17,2026-05-16 13:51:14.715286,
0737297d-4443-4e70-8f30-7c330eae40da,Chacko Inc,Pharma,Mumbai,Maharashtra,India,Customer,Active,404d7654-52ae-4333-91d7-753b4d63789e,2026-02-14,2026-05-16 13:51:14.715334,
e2195262-3559-4efc-81cf-148e0a13bb0d,Dora LLC,Pharma,Hyderabad,Telangana,India,Customer,Active,6f9c7382-0bb3-450e-aef4-dc8380654217,2026-01-29,2026-05-16 13:51:14.715377,
3ad59d70-f2f7-4486-9d96-3eaca7bf8d17,"Sinha, Ray and Koshy",Logistics,Mumbai,Maharashtra,India,Customer,Active,a5499ef3-1ed0-4e7d-b2d8-5e51f825a648,2026-03-02,2026-05-16 13:51:14.715424,
4a0192ed-03a6-428d-a5f2-f56c7f42dfc5,"Hayer, Om and Jha",Retail,Pune,Maharashtra,India,Customer,Active,8daeff47-fa6c-4ca6-a276-681e87f1e034,2026-03-13,2026-05-16 13:51:14.715470,
cc6f7cb9-b9e3-445f-868c-b3dfe42c76f3,"Pillai, Parikh and Balasubramanian",Wholesale,Ahmedabad,Gujarat,India,Customer,Active,a5499ef3-1ed0-4e7d-b2d8-5e51f825a648,2026-04-24,2026-05-16 13:51:14.715603,
9acb361c-18f3-42a6-9ce3-d59080af8a41,Saini PLC,Manufacturing,Bangalore,Karnataka,India,Customer,Active,e43d49a0-a034-48f7-8094-69c8ec022f41,2026-01-07,2026-05-16 13:51:14.715700,
688f7fd5-9c7e-4b2c-96e1-77a4dc206772,Srinivasan and Sons,IT,Chennai,Tamil Nadu,India,Customer,Active,e441befa-88af-4f32-a4b7-caa2f90837a6,2026-04-24,2026-05-16 13:51:14.715798,
77ce135f-0e4c-45c4-b8bb-f6159b54b094,Ramachandran PLC,Logistics,Pune,Maharashtra,India,Customer,Active,5adbfff5-e09e-439c-ac07-42c4619ce4f5,2026-01-31,2026-05-16 13:51:14.715864,
1913609f-f460-4fe3-9832-99a31d70fef7,Pillai-Bali,Pharma,Pune,Maharashtra,India,Customer,Active,7a1b7ad6-e2d2-4e32-9902-ba4caebc581d,2026-02-19,2026-05-16 13:51:14.715960,
c965829d-310d-409e-b3c7-af69da407960,Lall-Bhatti,Logistics,Delhi,Delhi,India,Customer,Active,404d7654-52ae-4333-91d7-753b4d63789e,2026-04-04,2026-05-16 13:51:14.716024,
8b0a4e15-8831-406a-b9fd-6d594223b8d6,Chad LLC,Manufacturing,Mumbai,Maharashtra,India,Customer,Active,08bef480-7ca7-4624-9756-6860f8fe8ba5,2026-02-22,2026-05-16 13:51:14.716101,
ae7437bd-1308-4210-86d4-65574d49df6f,Sagar Group,Wholesale,Bangalore,Karnataka,India,Customer,Active,0c6634a5-fb54-4e6c-91ef-7ec0e2cc3378,2026-03-08,2026-05-16 13:51:14.716171,
79842fad-ac60-401e-8be6-ef062ce17184,Chad-Seth,Retail,Chennai,Tamil Nadu,India,Customer,Active,404d7654-52ae-4333-91d7-753b4d63789e,2026-04-19,2026-05-16 13:51:14.716214,
c9e7db3a-79a6-4896-9949-a378b3fad954,Iyengar Ltd,IT,Pune,Maharashtra,India,Customer,Active,3c2514fb-429d-444a-bc6c-7c4a2ce757be,2026-02-21,2026-05-16 13:51:14.716257,
d4a1763e-c99c-4415-a057-4cd9301fb71d,"Walia, Dass and Chacko",Retail,Surat,Gujarat,India,Customer,Active,566164f0-b746-41f4-b85a-4806de2c294b,2026-01-30,2026-05-16 13:51:14.716303,
b560fee4-cac1-4b54-b2cd-df2898b1e0d6,Kamdar Group,Services,Mumbai,Maharashtra,India,Customer,Active,5adbfff5-e09e-439c-ac07-42c4619ce4f5,2026-04-27,2026-05-16 13:51:14.716344,
499cb7c6-43b9-4773-9d39-43df4d4054a8,"Barad, Kota and Raghavan",Pharma,Surat,Gujarat,India,Customer,Active,0c6634a5-fb54-4e6c-91ef-7ec0e2cc3378,2026-04-16,2026-05-16 13:51:14.716390,
1e74e141-ffc1-48ab-94aa-43bbf466f07f,Sodhi LLC,Pharma,Pune,Maharashtra,India,Customer,Active,b6493aae-776e-4baa-a4f2-3d0a8ebbd3a3,2026-02-14,2026-05-16 13:51:14.716435,
f44ad9a9-0577-42cd-b375-4e3cd4aae9ab,Baral-Dhar,Wholesale,Bangalore,Karnataka,India,Customer,Active,f8ad7ff5-bd31-4f9e-934f-a32327b5c155,2026-04-30,2026-05-16 13:51:14.716477,
67fa6b32-cc77-4563-b2fa-833b5716b4cb,Varty-Zacharia,Services,Chennai,Tamil Nadu,India,Customer,Active,f9140f89-9c0b-4ce1-8467-c50ef091fb7a,2026-04-01,2026-05-16 13:51:14.716519,
5004722b-eaa6-4609-aa18-5994e753aeb8,Halder Inc,Manufacturing,Nashik,Maharashtra,India,Customer,Active,e43d49a0-a034-48f7-8094-69c8ec022f41,2026-04-25,2026-05-16 13:51:14.716567,
be70cfed-dbcf-4812-a41d-d5f88d2bfb89,Jani-Grover,IT,Hyderabad,Telangana,India,Customer,Active,560f2adc-162e-473b-8cd1-0546376e74e9,2026-02-18,2026-05-16 13:51:14.716613,
ecf2e437-4b20-4615-a09d-0767f49ab096,"Ramakrishnan, Ghose and Mangal",IT,Surat,Gujarat,India,Customer,Active,0ef691cb-a3b6-4c00-93f4-b28b0fe40706,2026-01-09,2026-05-16 13:51:14.716659,
6c1867ee-f493-4e78-b1c8-34c4a4bba6ab,"Jayaraman, Koshy and Chanda",Pharma,Surat,Gujarat,India,Customer,Active,616ac0bf-be55-4a3c-aa34-f023ca00068f,2026-04-25,2026-05-16 13:51:14.716706,
fe90f131-3b15-4e0b-90f7-44619a4421c4,Bala PLC,Services,Ahmedabad,Gujarat,India,Customer,Active,08bef480-7ca7-4624-9756-6860f8fe8ba5,2026-05-10,2026-05-16 13:51:14.716748,
3017324a-845a-4de9-8291-4f48178857f0,Brahmbhatt and Sons,Pharma,Hyderabad,Telangana,India,Customer,Active,13815ae1-d9c7-4b60-877c-5b354527caac,2026-02-20,2026-05-16 13:51:14.716791,
ccda1e3d-4083-4206-8fa9-c0a9925362e8,Kar Ltd,Wholesale,Pune,Maharashtra,India,Customer,Active,e43d49a0-a034-48f7-8094-69c8ec022f41,2026-03-07,2026-05-16 13:51:14.716834,
6e70d706-f582-493c-8ead-7c85dbf4dc88,"Gandhi, Pandya and Rai",Wholesale,Bangalore,Karnataka,India,Customer,Active,3c2514fb-429d-444a-bc6c-7c4a2ce757be,2026-04-13,2026-05-16 13:51:14.716880,
6dba6779-76bf-4502-a9a4-15b4807a0173,Gole-Arya,Wholesale,Delhi,Delhi,India,Customer,Active,b6493aae-776e-4baa-a4f2-3d0a8ebbd3a3,2026-01-26,2026-05-16 13:51:14.716926,
6dfeda7a-e482-440a-a6f6-035029d88311,Zachariah-Badal,Pharma,Mumbai,Maharashtra,India,Customer,Active,560f2adc-162e-473b-8cd1-0546376e74e9,2026-03-20,2026-05-16 13:51:14.716968,
0f154f4a-e50a-4524-b897-930dc5e99255,Dhaliwal-Kapadia,Pharma,Mumbai,Maharashtra,India,Customer,Active,f8ad7ff5-bd31-4f9e-934f-a32327b5c155,2026-05-05,2026-05-16 13:51:14.717015,
cd33ec6b-4230-4ccd-9fe9-d2daf203c8e3,Mistry-Chawla,IT,Pune,Maharashtra,India,Customer,Active,7a1b7ad6-e2d2-4e32-9902-ba4caebc581d,2026-04-28,2026-05-16 13:51:14.717060,
49398a8b-5355-4bd0-a561-9736d52628fa,Issac Group,Retail,Mumbai,Maharashtra,India,Customer,Active,a5499ef3-1ed0-4e7d-b2d8-5e51f825a648,2026-03-23,2026-05-16 13:51:14.717132,
b949fd79-1d33-4712-b0f3-f863fd945e7a,Choudhary-Wable,Retail,Chennai,Tamil Nadu,India,Customer,Active,616ac0bf-be55-4a3c-aa34-f023ca00068f,2026-03-22,2026-05-16 13:51:14.717210,
6e9118c9-1c61-4763-86ef-a4c7201251c6,"Bera, Keer and Solanki",Services,Kochi,Kerala,India,Customer,Active,b6493aae-776e-4baa-a4f2-3d0a8ebbd3a3,2026-05-07,2026-05-16 13:51:14.717290,
c81e3815-1fe3-4ca9-9763-9308734f96f8,Sridhar and Sons,Logistics,Kochi,Kerala,India,Customer,Active,7a1b7ad6-e2d2-4e32-9902-ba4caebc581d,2026-02-12,2026-05-16 13:51:14.717344,
a8a74b2a-7cde-45e9-8033-ff38f0dfa676,"Bansal, Batra and Date",Pharma,Nashik,Maharashtra,India,Customer,Active,560f2adc-162e-473b-8cd1-0546376e74e9,2026-04-13,2026-05-16 13:51:14.717430,
9b3d343a-76ef-43d8-9a51-b31a0d028a3e,"Sani, Singh and Nagarajan",Manufacturing,Bangalore,Karnataka,India,Customer,Active,08bef480-7ca7-4624-9756-6860f8fe8ba5,2026-03-24,2026-05-16 13:51:14.717525,
241dd7a7-f778-4f99-9ee4-c8730b3a824b,Tailor Ltd,Services,Bangalore,Karnataka,India,Customer,Active,08bef480-7ca7-4624-9756-6860f8fe8ba5,2026-03-15,2026-05-16 13:51:14.717581,
669a5234-9f84-444e-8e5f-92965ef5e28b,"Chaudhuri, Dass and Tiwari",Manufacturing,Kochi,Kerala,India,Customer,Active,0c6634a5-fb54-4e6c-91ef-7ec0e2cc3378,2026-03-26,2026-05-16 13:51:14.717638,
f0b98f9a-8aa0-4d6d-aa15-3fa0ff9007d2,Gour and Sons,Logistics,Mumbai,Maharashtra,India,Customer,Active,6f9c7382-0bb3-450e-aef4-dc8380654217,2026-03-11,2026-05-16 13:51:14.717698,
bdec0324-a7ca-4213-9a65-28e7ee183334,Raja PLC,Wholesale,Chennai,Tamil Nadu,India,Customer,Active,85cb5067-c9a3-4ea0-b695-f80c7e19abf2,2026-02-19,2026-05-16 13:51:14.717752,
f7bb7185-c721-464f-899e-23d8dc653288,"Gole, Dasgupta and Modi",Pharma,Chennai,Tamil Nadu,India,Customer,Active,e43d49a0-a034-48f7-8094-69c8ec022f41,2026-02-18,2026-05-16 13:51:14.717810,
455b1d3c-ae24-451b-9a60-381a08b92067,"Om, Ramachandran and Jhaveri",Manufacturing,Delhi,Delhi,India,Customer,Active,6f9c7382-0bb3-450e-aef4-dc8380654217,2026-01-08,2026-05-16 13:51:14.717870,
2b828433-aa72-4809-9e30-fa72bf60b981,Saxena-Ranganathan,Services,Surat,Gujarat,India,Customer,Active,42050019-05f0-4de7-b45b-cea5eda7386f,2026-01-29,2026-05-16 13:51:14.717924,
9f21061c-daa9-4314-b0bf-92cf39e29a07,"Chhabra, Gole and Jhaveri",Pharma,Ahmedabad,Gujarat,India,Customer,Active,0ef691cb-a3b6-4c00-93f4-b28b0fe40706,2026-03-04,2026-05-16 13:51:14.718010,
1e38ac5b-5909-41f2-b3f0-6d0bd0f90b82,"Dash, Ahuja and Grewal",Services,Delhi,Delhi,India,Customer,Active,85cb5067-c9a3-4ea0-b695-f80c7e19abf2,2026-03-04,2026-05-16 13:51:14.718080,
e345cc58-677d-49c7-baf6-818de2103d2d,"Kibe, Varughese and Gupta",IT,Ahmedabad,Gujarat,India,Customer,Active,0ef691cb-a3b6-4c00-93f4-b28b0fe40706,2026-05-06,2026-05-16 13:51:14.718157,
5252e249-c332-49cc-a6a7-d281926ff23b,"Bansal, Date and Kanda",IT,Hyderabad,Telangana,India,Customer,Active,42050019-05f0-4de7-b45b-cea5eda7386f,2026-01-26,2026-05-16 13:51:14.718225,
dd58c8a6-6c8a-48f8-b19b-5fc27a48d746,"Pathak, Kar and Tandon",Wholesale,Hyderabad,Telangana,India,Customer,Active,a479e5cf-9f94-4433-ad29-445f2f57265f,2026-01-31,2026-05-16 13:51:14.718271,
be350488-3952-419e-9b39-751c5ed93179,"Dugal, Doshi and Mann",Retail,Hyderabad,Telangana,India,Customer,Active,e75d85fc-9d80-421a-aa90-2624363de215,2026-01-15,2026-05-16 13:51:14.718324,
92ddbcc0-5354-4c4d-8a54-62a596b11a79,Reddy-Bhalla,Services,Bangalore,Karnataka,India,Customer,Active,b6493aae-776e-4baa-a4f2-3d0a8ebbd3a3,2026-04-04,2026-05-16 13:51:14.718367,
db60262b-b8e7-49a8-90e4-4a99db808f02,"Nayak, Morar and Kakar",Wholesale,Ahmedabad,Gujarat,India,Customer,Active,08bef480-7ca7-4624-9756-6860f8fe8ba5,2026-02-17,2026-05-16 13:51:14.718413,
e7d51fdc-7dd2-4685-979a-c9858dbd75fc,Bahri-Kade,Manufacturing,Mumbai,Maharashtra,India,Customer,Active,0c6634a5-fb54-4e6c-91ef-7ec0e2cc3378,2026-03-14,2026-05-16 13:51:14.718457,
157c6b14-94bc-491b-b5c1-b83345c0429e,"Chaudry, Kuruvilla and Issac",IT,Chennai,Tamil Nadu,India,Customer,Active,e43d49a0-a034-48f7-8094-69c8ec022f41,2026-03-23,2026-05-16 13:51:14.718503,
48e7aa85-2545-41a9-9d3b-d3c53055ffe8,Kapoor Group,Logistics,Delhi,Delhi,India,Customer,Active,a479e5cf-9f94-4433-ad29-445f2f57265f,2026-03-10,2026-05-16 13:51:14.718545,
866fa634-b352-4ff9-9041-1d6079b89ec6,"Raghavan, Gole and Palla",Logistics,Chennai,Tamil Nadu,India,Customer,Active,95287636-f2f6-4a35-8af3-a9fe68a5d1c0,2026-01-14,2026-05-16 13:51:14.718591,
07b68130-52e2-4a27-8a48-2f4a0b112ff7,"Chada, Mander and Luthra",Retail,Bangalore,Karnataka,India,Customer,Active,6f9c7382-0bb3-450e-aef4-dc8380654217,2026-02-28,2026-05-16 13:51:14.718638,
8ad4e791-411b-408d-a5ec-6c4948bdbf36,"Sodhi, Mannan and Bains",IT,Surat,Gujarat,India,Customer,Active,a5499ef3-1ed0-4e7d-b2d8-5e51f825a648,2026-03-01,2026-05-16 13:51:14.718697,
e91217ac-a709-4dac-ad14-7e30ed1eaf87,Bhargava-Sibal,Retail,Nashik,Maharashtra,India,Customer,Active,6f9c7382-0bb3-450e-aef4-dc8380654217,2026-01-01,2026-05-16 13:51:14.718737,
e0d55b07-0bc4-4275-9e15-b61032c787cc,Anne-Keer,Retail,Mumbai,Maharashtra,India,Customer,Active,8daeff47-fa6c-4ca6-a276-681e87f1e034,2026-03-06,2026-05-16 13:51:14.718781,
1c75f0f9-b648-4b2c-bcd6-ac1c3847f993,Saha-Mannan,Wholesale,Nashik,Maharashtra,India,Customer,Active,6f9c7382-0bb3-450e-aef4-dc8380654217,2026-04-19,2026-05-16 13:51:14.718821,
a6cf79cb-0472-4f78-b910-4c3ae7b8cbb7,Vyas Inc,Wholesale,Kochi,Kerala,India,Customer,Active,e75d85fc-9d80-421a-aa90-2624363de215,2026-03-25,2026-05-16 13:51:14.718860,
4e00f0c3-e417-40fb-a0ba-aa726e727ca4,Doctor and Sons,Services,Nashik,Maharashtra,India,Customer,Active,5adbfff5-e09e-439c-ac07-42c4619ce4f5,2026-03-17,2026-05-16 13:51:14.718901,
713aecf1-87c0-42b4-a8c5-533efa7ccab5,Balan LLC,Retail,Chennai,Tamil Nadu,India,Customer,Active,8daeff47-fa6c-4ca6-a276-681e87f1e034,2026-04-16,2026-05-16 13:51:14.718944,
5f6cbf71-efef-4f3d-b09a-4810f87b0d18,Modi PLC,Services,Pune,Maharashtra,India,Customer,Active,0ef691cb-a3b6-4c00-93f4-b28b0fe40706,2026-05-12,2026-05-16 13:51:14.718986,
9e74047d-c2f2-4867-b51d-f3d8d2159ee4,"Verma, Varughese and Date",IT,Surat,Gujarat,India,Customer,Active,95287636-f2f6-4a35-8af3-a9fe68a5d1c0,2026-03-21,2026-05-16 13:51:14.719031,
b0c95759-7519-4940-8466-d74059a1d390,Baral-Rao,Retail,Hyderabad,Telangana,India,Customer,Active,e75d85fc-9d80-421a-aa90-2624363de215,2026-01-30,2026-05-16 13:51:14.719074,
aef34ebb-1028-47c0-82ab-7303c2af8ce6,Karnik-Narayanan,Services,Surat,Gujarat,India,Customer,Active,fca4d392-94e8-47e1-bdb4-3dca1cb88b3a,2026-04-26,2026-05-16 13:51:14.719495,
acc4eb15-ac11-4b63-9875-d7b25e342250,Verma and Sons,Retail,Surat,Gujarat,India,Customer,Active,95287636-f2f6-4a35-8af3-a9fe68a5d1c0,2026-03-17,2026-05-16 13:51:14.719567,
a25bb37b-cd0b-4d0f-b9cb-b4eed7baa303,"Kala, Raja and Chakraborty",Services,Mumbai,Maharashtra,India,Customer,Active,e43d49a0-a034-48f7-8094-69c8ec022f41,2026-01-11,2026-05-16 13:51:14.719628,
8f540d29-3d1f-49c9-b124-297d39da8849,Ahluwalia-Loke,Services,Delhi,Delhi,India,Customer,Active,8daeff47-fa6c-4ca6-a276-681e87f1e034,2026-01-05,2026-05-16 13:51:14.719677,
b1160007-109a-4e99-9b10-872d37e37e38,Behl PLC,Logistics,Ahmedabad,Gujarat,India,Customer,Active,b6493aae-776e-4baa-a4f2-3d0a8ebbd3a3,2026-03-18,2026-05-16 13:51:14.719722,
7ca0a010-b69d-4774-88f3-324a63068265,Anand-Hans,IT,Surat,Gujarat,India,Customer,Active,42050019-05f0-4de7-b45b-cea5eda7386f,2026-01-01,2026-05-16 13:51:14.719765,
1c7271f4-5b28-4385-9e4b-f622f73521c8,Nagar-Butala,Retail,Bangalore,Karnataka,India,Customer,Active,08bef480-7ca7-4624-9756-6860f8fe8ba5,2026-03-27,2026-05-16 13:51:14.719807,
3ffb61db-bf93-4274-b305-807e03b548c8,Solanki-Minhas,Manufacturing,Bangalore,Karnataka,India,Customer,Active,85cb5067-c9a3-4ea0-b695-f80c7e19abf2,2026-01-21,2026-05-16 13:51:14.719848,
023aaebb-7d01-4fab-8c19-60fdc79ed1ce,Lanka-Mani,Pharma,Surat,Gujarat,India,Customer,Active,8daeff47-fa6c-4ca6-a276-681e87f1e034,2026-03-07,2026-05-16 13:51:14.719889,
93b07c99-043f-4a23-ac58-6a1864b3c7ba,"Majumdar, Dixit and Brahmbhatt",Services,Nashik,Maharashtra,India,Customer,Active,566164f0-b746-41f4-b85a-4806de2c294b,2026-04-03,2026-05-16 13:51:14.719934,
e0ae896d-abcb-41d3-99c4-9565023012b9,Bava-Minhas,Manufacturing,Mumbai,Maharashtra,India,Customer,Active,e441befa-88af-4f32-a4b7-caa2f90837a6,2026-03-25,2026-05-16 13:51:14.719975,
cad91bc0-c87c-493c-b537-46055d194a45,Sani-Radhakrishnan,IT,Chennai,Tamil Nadu,India,Customer,Active,404d7654-52ae-4333-91d7-753b4d63789e,2026-05-02,2026-05-16 13:51:14.720015,
37832916-18da-4700-96ff-ab584576d488,"Gola, Wali and Padmanabhan",Logistics,Mumbai,Maharashtra,India,Customer,Active,7a1b7ad6-e2d2-4e32-9902-ba4caebc581d,2026-05-02,2026-05-16 13:51:14.720064,
54c10fa3-f27a-489c-a860-a3939fcadc6e,Borra and Sons,Retail,Hyderabad,Telangana,India,Customer,Active,08bef480-7ca7-4624-9756-6860f8fe8ba5,2026-02-14,2026-05-16 13:51:14.720105,
f6c3ba0d-129d-4829-8c00-a0af8c26bcf6,Parmer Inc,IT,Mumbai,Maharashtra,India,Customer,Active,f9140f89-9c0b-4ce1-8467-c50ef091fb7a,2026-01-24,2026-05-16 13:51:14.720147,
798eb597-0f9b-44b2-85a3-7804b5332cf3,Seth Inc,Logistics,Bangalore,Karnataka,India,Customer,Active,08bef480-7ca7-4624-9756-6860f8fe8ba5,2026-01-22,2026-05-16 13:51:14.720191,
578b8dd0-1aae-4e3a-ae66-8ba7ad9f7da0,Viswanathan Ltd,Wholesale,Delhi,Delhi,India,Customer,Active,a479e5cf-9f94-4433-ad29-445f2f57265f,2026-01-02,2026-05-16 13:51:14.720232,
5298979a-55c8-44b1-abb3-80920c050082,"Tata, Mannan and Prasad",Manufacturing,Chennai,Tamil Nadu,India,Customer,Active,6f9c7382-0bb3-450e-aef4-dc8380654217,2026-03-29,2026-05-16 13:51:14.720275,
2d28cd8d-0342-4145-92e4-446a1f37d288,"Kulkarni, Batra and Sarkar",Retail,Chennai,Tamil Nadu,India,Customer,Active,6f9c7382-0bb3-450e-aef4-dc8380654217,2026-03-24,2026-05-16 13:51:14.720319,
88b3eb4b-eaec-4c30-8fd2-6e5fb43d7f03,"Dhar, Chandra and Oak",Retail,Hyderabad,Telangana,India,Customer,Active,fca4d392-94e8-47e1-bdb4-3dca1cb88b3a,2026-04-22,2026-05-16 13:51:14.720363,
7ea153a7-2ba2-4f2a-b6a7-e6d07f455e68,Barman-Bhatti,Services,Hyderabad,Telangana,India,Customer,Active,42050019-05f0-4de7-b45b-cea5eda7386f,2026-04-03,2026-05-16 13:51:14.720402,
2d9b7a4d-8f62-4c59-a1ca-a386ae21c9d2,Toor PLC,Services,Chennai,Tamil Nadu,India,Customer,Active,08bef480-7ca7-4624-9756-6860f8fe8ba5,2026-03-24,2026-05-16 13:51:14.720443,
1bbb4830-ab97-4ae8-980c-62ef8bd9234b,Ganesan LLC,Logistics,Delhi,Delhi,India,Customer,Active,5adbfff5-e09e-439c-ac07-42c4619ce4f5,2026-03-10,2026-05-16 13:51:14.720488,
715ac38a-fdae-4707-a589-49c5b98ef17a,Ravel Ltd,Pharma,Chennai,Tamil Nadu,India,Customer,Active,e441befa-88af-4f32-a4b7-caa2f90837a6,2026-03-24,2026-05-16 13:51:14.720528,
fe79641a-415e-4f44-831e-102c20cd75c3,Apte-Magar,Services,Bangalore,Karnataka,India,Customer,Active,3c2514fb-429d-444a-bc6c-7c4a2ce757be,2026-03-29,2026-05-16 13:51:14.720568,
75afe042-d6b1-4c5d-bb4d-32e5facb826e,Raval-Biswas,Manufacturing,Mumbai,Maharashtra,India,Customer,Active,0c6634a5-fb54-4e6c-91ef-7ec0e2cc3378,2026-01-27,2026-05-16 13:51:14.720609,
2809d9cf-18c3-4280-8aa1-3213ff83e961,Chacko-Gulati,Retail,Pune,Maharashtra,India,Customer,Active,f9140f89-9c0b-4ce1-8467-c50ef091fb7a,2026-05-01,2026-05-16 13:51:14.720649,
2f612ad6-2760-4582-b9a4-0e7c8685ffa1,"Shetty, Bala and Sahota",Services,Kochi,Kerala,India,Customer,Active,0ef691cb-a3b6-4c00-93f4-b28b0fe40706,2026-03-04,2026-05-16 13:51:14.720692,
6dcc89ef-d1ff-4add-9002-3047b30a3514,Brar Ltd,IT,Surat,Gujarat,India,Customer,Active,fca4d392-94e8-47e1-bdb4-3dca1cb88b3a,2026-03-16,2026-05-16 13:51:14.720732,
5902fa30-b68e-4f05-a296-a3ad14976dc8,Manne-Handa,Pharma,Surat,Gujarat,India,Customer,Active,fca4d392-94e8-47e1-bdb4-3dca1cb88b3a,2026-01-11,2026-05-16 13:51:14.720773,
d2f869a7-1b58-45d1-a03d-4e302b9646c0,Jani-Singhal,Retail,Surat,Gujarat,India,Customer,Active,0c6634a5-fb54-4e6c-91ef-7ec0e2cc3378,2026-03-22,2026-05-16 13:51:14.720814,
f3238493-05a6-4bc5-9d55-ccccb4d63f14,"Dara, Master and Bala",Services,Ahmedabad,Gujarat,India,Customer,Active,85cb5067-c9a3-4ea0-b695-f80c7e19abf2,2026-03-30,2026-05-16 13:51:14.720858,
8a70430d-e222-45f7-8467-195dc115810e,Kar Inc,Retail,Delhi,Delhi,India,Customer,Active,566164f0-b746-41f4-b85a-4806de2c294b,2026-02-07,2026-05-16 13:51:14.720903,
1640e534-6fc7-473d-8e5a-3c481c364737,"Vala, Tandon and Bhalla",Retail,Ahmedabad,Gujarat,India,Customer,Active,fca4d392-94e8-47e1-bdb4-3dca1cb88b3a,2026-02-11,2026-05-16 13:51:14.720947,
3073ae25-89f3-4379-a9a4-343a491c74d3,Kashyap-Lad,Pharma,Pune,Maharashtra,India,Customer,Active,8daeff47-fa6c-4ca6-a276-681e87f1e034,2026-03-25,2026-05-16 13:51:14.720987,
c5b0b1ca-11ad-44c1-82b3-90444235fb5b,Tripathi-Sabharwal,Retail,Nashik,Maharashtra,India,Customer,Active,85cb5067-c9a3-4ea0-b695-f80c7e19abf2,2026-05-07,2026-05-16 13:51:14.721027,
56be2aa8-61c1-40e5-a3de-be2cfb5c248e,Madan-Pai,Retail,Chennai,Tamil Nadu,India,Customer,Active,08bef480-7ca7-4624-9756-6860f8fe8ba5,2026-04-12,2026-05-16 13:51:14.721068,
4a53d5ff-ccc5-4b20-b650-140535e59e6c,"Mallick, Mani and Thaker",Pharma,Pune,Maharashtra,India,Customer,Active,a479e5cf-9f94-4433-ad29-445f2f57265f,2026-03-18,2026-05-16 13:51:14.721111,
e7e4bdaa-a434-4b79-ad2e-52e0be4307f3,Deshmukh-Vasa,IT,Mumbai,Maharashtra,India,Customer,Active,e43d49a0-a034-48f7-8094-69c8ec022f41,2026-04-28,2026-05-16 13:51:14.721151,
aca5db11-2ba7-4e89-b895-d0bf5f4d706f,"Wagle, Badami and Sethi",Pharma,Nashik,Maharashtra,India,Customer,Active,6f9c7382-0bb3-450e-aef4-dc8380654217,2026-01-12,2026-05-16 13:51:14.721195,
2ab54e5c-b8d3-4b25-a8bf-7ae2d0fc25a4,"Kala, Upadhyay and Bail",Pharma,Hyderabad,Telangana,India,Customer,Active,85cb5067-c9a3-4ea0-b695-f80c7e19abf2,2026-03-27,2026-05-16 13:51:14.721238,
20c37a1a-79f7-4bc9-ae53-2206941a0085,"Rana, Ratti and Sarin",Logistics,Delhi,Delhi,India,Customer,Active,0c6634a5-fb54-4e6c-91ef-7ec0e2cc3378,2026-01-26,2026-05-16 13:51:14.721280,
4d8707d1-ae6b-452f-9dc7-89dfb2bd1544,Kara-Garg,Pharma,Pune,Maharashtra,India,Customer,Active,560f2adc-162e-473b-8cd1-0546376e74e9,2026-02-16,2026-05-16 13:51:14.721324,
e364f5bf-0b20-4b8a-bd72-07b4d059bc7f,"Chahal, Panchal and Deshpande",Logistics,Hyderabad,Telangana,India,Customer,Active,560f2adc-162e-473b-8cd1-0546376e74e9,2026-02-24,2026-05-16 13:51:14.721367,
837dfb0c-273f-4d64-9c54-bdf4cfad63b3,Ravel-Mahal,Logistics,Kochi,Kerala,India,Customer,Active,5adbfff5-e09e-439c-ac07-42c4619ce4f5,2026-04-26,2026-05-16 13:51:14.721408,
69106be1-1ff7-4701-b9e6-6a559a7419bf,Pal PLC,Wholesale,Mumbai,Maharashtra,India,Customer,Active,42050019-05f0-4de7-b45b-cea5eda7386f,2026-03-12,2026-05-16 13:51:14.721448,
c70f091a-ddeb-49a2-a329-dfd992bf38ca,Kala and Sons,Retail,Surat,Gujarat,India,Customer,Active,7a1b7ad6-e2d2-4e32-9902-ba4caebc581d,2026-03-01,2026-05-16 13:51:14.721489,
7cfd2aee-5803-461e-a695-5b2b3241a509,"Dayal, Sheth and Sandhu",Wholesale,Nashik,Maharashtra,India,Customer,Active,42050019-05f0-4de7-b45b-cea5eda7386f,2026-03-19,2026-05-16 13:51:14.721550,
bccb259e-053e-4a12-b778-b48d241cc22d,Pau-Din,Retail,Hyderabad,Telangana,India,Customer,Active,560f2adc-162e-473b-8cd1-0546376e74e9,2026-01-04,2026-05-16 13:51:14.721591,
f00c3552-8752-401a-8ed9-1c6de5ad8301,"Saha, Arora and Nigam",Retail,Pune,Maharashtra,India,Customer,Active,42050019-05f0-4de7-b45b-cea5eda7386f,2026-04-06,2026-05-16 13:51:14.721634,
3a2cdb99-408b-4f35-8f73-b019c86746a3,"Khatri, Brar and Kant",Pharma,Surat,Gujarat,India,Customer,Active,08bef480-7ca7-4624-9756-6860f8fe8ba5,2026-01-05,2026-05-16 13:51:14.721680,
a06a6405-1d72-4583-99fb-0512f9cd194b,Sodhi and Sons,IT,Nashik,Maharashtra,India,Customer,Active,3c2514fb-429d-444a-bc6c-7c4a2ce757be,2026-05-12,2026-05-16 13:51:14.721721,
ba88d36a-c83f-49f1-8078-14fca38ed389,Narang PLC,Pharma,Nashik,Maharashtra,India,Customer,Active,404d7654-52ae-4333-91d7-753b4d63789e,2026-02-13,2026-05-16 13:51:14.721767,
c793f24e-9fa1-434b-8426-be2ade5ffc4f,Mohanty Group,Retail,Ahmedabad,Gujarat,India,Customer,Active,a5499ef3-1ed0-4e7d-b2d8-5e51f825a648,2026-02-23,2026-05-16 13:51:14.721809,
0a8f9932-a7d6-48aa-9260-6169b111f4a3,Ahluwalia-Pau,Services,Chennai,Tamil Nadu,India,Customer,Active,42050019-05f0-4de7-b45b-cea5eda7386f,2026-02-17,2026-05-16 13:51:14.721849,
b084e75b-986c-4b9a-b4c1-66f06f44b812,"Kadakia, Thaman and Sampath",Wholesale,Pune,Maharashtra,India,Customer,Active,404d7654-52ae-4333-91d7-753b4d63789e,2026-04-26,2026-05-16 13:51:14.721893,
fcfd0d0b-57a1-4455-a385-413d00816355,Raju-Nanda,IT,Mumbai,Maharashtra,India,Customer,Active,95287636-f2f6-4a35-8af3-a9fe68a5d1c0,2026-03-10,2026-05-16 13:51:14.721933,
d5d0206c-05cd-404d-b1c9-8920c8dd6747,Natt Group,Logistics,Bangalore,Karnataka,India,Customer,Active,e441befa-88af-4f32-a4b7-caa2f90837a6,2026-03-06,2026-05-16 13:51:14.721973,
e550a8d6-173c-49bd-916a-7420aef2891d,Lanka-Choudhry,Services,Mumbai,Maharashtra,India,Customer,Active,08bef480-7ca7-4624-9756-6860f8fe8ba5,2026-01-16,2026-05-16 13:51:14.722013,
89229bc7-810a-4721-aa67-e5daf396d10e,Gulati LLC,Logistics,Hyderabad,Telangana,India,Customer,Active,a5499ef3-1ed0-4e7d-b2d8-5e51f825a648,2026-02-01,2026-05-16 13:51:14.722054,
9f3e8263-2e50-4c05-ada0-ded5ef0d7d5e,Shah Ltd,Pharma,Mumbai,Maharashtra,India,Customer,Active,7a1b7ad6-e2d2-4e32-9902-ba4caebc581d,2026-04-20,2026-05-16 13:51:14.722098,
53cfc63f-343a-44e0-9ee2-f6af087d33c9,"Warrior, Din and Chhabra",Services,Bangalore,Karnataka,India,Customer,Active,f9140f89-9c0b-4ce1-8467-c50ef091fb7a,2026-02-02,2026-05-16 13:51:14.722145,
6aa73ddc-06d0-4cf6-9855-a0effbe80511,Sridhar and Sons,Manufacturing,Chennai,Tamil Nadu,India,Customer,Active,7a1b7ad6-e2d2-4e32-9902-ba4caebc581d,2026-01-28,2026-05-16 13:51:14.722190,
db02d73a-9d9f-4d50-98a4-d7fecb5affbd,Kumer-Bains,Pharma,Kochi,Kerala,India,Customer,Active,08bef480-7ca7-4624-9756-6860f8fe8ba5,2026-03-13,2026-05-16 13:51:14.722231,
f21265dc-d62d-418e-ae5e-a3af6c4a3f3d,Mital PLC,Services,Chennai,Tamil Nadu,India,Customer,Active,a5499ef3-1ed0-4e7d-b2d8-5e51f825a648,2026-03-29,2026-05-16 13:51:14.722273,
d8e403b0-2184-45c1-9560-5790b911136d,Dhingra-Khanna,Pharma,Ahmedabad,Gujarat,India,Customer,Active,404d7654-52ae-4333-91d7-753b4d63789e,2026-03-10,2026-05-16 13:51:14.722315,
1e2dc28c-c528-4b06-9b9e-8ab359f6bdd6,Wadhwa-Nayak,Pharma,Ahmedabad,Gujarat,India,Customer,Active,7a1b7ad6-e2d2-4e32-9902-ba4caebc581d,2026-03-16,2026-05-16 13:51:14.722356,
ecf93ffe-42b0-420c-843f-31d71fa12278,Tank LLC,Retail,Surat,Gujarat,India,Customer,Active,566164f0-b746-41f4-b85a-4806de2c294b,2026-04-06,2026-05-16 13:51:14.722396,
b202786a-416f-43fe-a4ef-5264379b4e03,"Kale, Bajaj and Deep",Pharma,Kochi,Kerala,India,Customer,Active,0c6634a5-fb54-4e6c-91ef-7ec0e2cc3378,2026-03-20,2026-05-16 13:51:14.722440,
01509859-57f1-432d-8908-9429df0f7ec3,"Batra, Samra and Thaman",Logistics,Delhi,Delhi,India,Customer,Active,fca4d392-94e8-47e1-bdb4-3dca1cb88b3a,2026-02-27,2026-05-16 13:51:14.722486,
33d8ee0f-d686-45ab-a8c8-18d20d77f59d,"Lad, Walla and Bawa",Services,Chennai,Tamil Nadu,India,Customer,Active,e43d49a0-a034-48f7-8094-69c8ec022f41,2026-01-26,2026-05-16 13:51:14.722532,
186587d0-3dee-4b2a-a562-310edbdec353,Lad-Kunda,Logistics,Mumbai,Maharashtra,India,Customer,Active,e43d49a0-a034-48f7-8094-69c8ec022f41,2026-02-21,2026-05-16 13:51:14.722572,
4aee4e75-d7a8-4925-9669-6d5aa2a9dfbc,Menon-Krishna,IT,Ahmedabad,Gujarat,India,Customer,Active,fca4d392-94e8-47e1-bdb4-3dca1cb88b3a,2026-03-19,2026-05-16 13:51:14.722617,
ac7b7395-ae8f-49bd-acc3-9d37fe205cbe,"Edwin, Padmanabhan and Randhawa",IT,Surat,Gujarat,India,Customer,Active,e75d85fc-9d80-421a-aa90-2624363de215,2026-03-11,2026-05-16 13:51:14.722665,
1820c0a4-169e-4a37-8eb8-5bcd25b51e6f,"Sood, Singhal and Memon",Services,Kochi,Kerala,India,Customer,Active,8daeff47-fa6c-4ca6-a276-681e87f1e034,2026-02-21,2026-05-16 13:51:14.722710,
a82b1768-cdd0-4328-8645-b64a3626a9dd,Brahmbhatt Ltd,Services,Hyderabad,Telangana,India,Customer,Active,08bef480-7ca7-4624-9756-6860f8fe8ba5,2026-02-03,2026-05-16 13:51:14.722751,
feb7e985-80a9-46b8-96b8-503a962321e3,Shanker-Sarkar,Logistics,Mumbai,Maharashtra,India,Customer,Active,404d7654-52ae-4333-91d7-753b4d63789e,2026-01-13,2026-05-16 13:51:14.722792,
0ae535f4-0229-482f-9142-b10d54ce2a98,"Virk, Kadakia and Tripathi",Retail,Mumbai,Maharashtra,India,Customer,Active,42050019-05f0-4de7-b45b-cea5eda7386f,2026-04-22,2026-05-16 13:51:14.722836,
f972b84f-12a2-4835-bb57-1948e6216019,Raghavan-Muni,Retail,Pune,Maharashtra,India,Customer,Active,7a1b7ad6-e2d2-4e32-9902-ba4caebc581d,2026-05-01,2026-05-16 13:51:14.722876,
0420d140-d075-43ab-82f1-55556bff3683,Pai-Chawla,Pharma,Ahmedabad,Gujarat,India,Customer,Active,a5499ef3-1ed0-4e7d-b2d8-5e51f825a648,2026-05-04,2026-05-16 13:51:14.722916,
2333c237-c9b1-4a9e-8e78-8aff01a33a8e,"Chad, Lanka and Parekh",Wholesale,Kochi,Kerala,India,Customer,Active,616ac0bf-be55-4a3c-aa34-f023ca00068f,2026-05-02,2026-05-16 13:51:14.722959,
91184829-5af3-45c0-a3d5-46da19e3db0a,Balasubramanian-Wadhwa,Wholesale,Bangalore,Karnataka,India,Customer,Active,95287636-f2f6-4a35-8af3-a9fe68a5d1c0,2026-04-09,2026-05-16 13:51:14.723000,
64a82e73-f8de-4e72-9cd9-6c1bc0a1810d,Chand Inc,Retail,Bangalore,Karnataka,India,Customer,Active,0c6634a5-fb54-4e6c-91ef-7ec0e2cc3378,2026-02-07,2026-05-16 13:51:14.723044,
8b6e2625-b9a6-4259-b59e-bd6781b9d343,Cheema LLC,Manufacturing,Pune,Maharashtra,India,Customer,Active,42050019-05f0-4de7-b45b-cea5eda7386f,2026-04-09,2026-05-16 13:51:14.723085,
db2f0fc1-cc59-4bda-8951-f1f538375b5a,Randhawa and Sons,IT,Bangalore,Karnataka,India,Customer,Active,0ef691cb-a3b6-4c00-93f4-b28b0fe40706,2026-05-12,2026-05-16 13:51:14.723125,
2eaabe1a-4efb-4f79-bce5-b2de9140727d,Ghose Group,Pharma,Delhi,Delhi,India,Customer,Active,08bef480-7ca7-4624-9756-6860f8fe8ba5,2026-01-21,2026-05-16 13:51:14.723166,
eafcc14b-fb28-4518-a895-866010ad8fac,"Prasad, Kannan and Chakraborty",Logistics,Pune,Maharashtra,India,Customer,Active,13815ae1-d9c7-4b60-877c-5b354527caac,2026-03-18,2026-05-16 13:51:14.723209,
1ca81ed3-b751-479a-ab01-0f60a29aedd2,Kohli LLC,Retail,Kochi,Kerala,India,Customer,Active,404d7654-52ae-4333-91d7-753b4d63789e,2026-03-13,2026-05-16 13:51:14.723249,
addff773-b06c-4f0a-b21b-90d8b8b4d6d2,"Sarna, Verma and Basak",Manufacturing,Surat,Gujarat,India,Customer,Active,a479e5cf-9f94-4433-ad29-445f2f57265f,2026-01-11,2026-05-16 13:51:14.723292,
6aae6a11-c830-4123-978f-a8bad53c68ed,Chaudhary Group,IT,Pune,Maharashtra,India,Customer,Active,e75d85fc-9d80-421a-aa90-2624363de215,2026-01-26,2026-05-16 13:51:14.723333,
5fc1212f-cd9e-48c7-ac5a-3a03f5176c32,Rastogi Group,Pharma,Pune,Maharashtra,India,Customer,Active,0ef691cb-a3b6-4c00-93f4-b28b0fe40706,2026-05-09,2026-05-16 13:51:14.723372,
183bd78b-28df-4f72-a0fa-d082e4de89af,"Hans, Sachar and Dube",Services,Chennai,Tamil Nadu,India,Customer,Active,404d7654-52ae-4333-91d7-753b4d63789e,2026-04-06,2026-05-16 13:51:14.723416,
a3a15b53-90c9-4ff2-aba4-413cfec0d4e2,Misra PLC,Wholesale,Delhi,Delhi,India,Customer,Active,5adbfff5-e09e-439c-ac07-42c4619ce4f5,2026-02-15,2026-05-16 13:51:14.723461,
c5274d4c-fc12-45f1-b1ae-f7d92d94e41f,Pall PLC,Wholesale,Ahmedabad,Gujarat,India,Customer,Active,e75d85fc-9d80-421a-aa90-2624363de215,2026-04-28,2026-05-16 13:51:14.723506,
8369ba9c-80e1-479a-babe-1339f4c3a562,Basak-Master,Retail,Chennai,Tamil Nadu,India,Customer,Active,fca4d392-94e8-47e1-bdb4-3dca1cb88b3a,2026-02-21,2026-05-16 13:51:14.723557,
970e83df-3fb2-40e0-9618-e7cbc18d9493,Gade Group,Manufacturing,Hyderabad,Telangana,India,Customer,Active,fca4d392-94e8-47e1-bdb4-3dca1cb88b3a,2026-04-07,2026-05-16 13:51:14.723599,
b7c4af08-f3a8-4f58-950f-14f1b15817f6,Barad-Peri,Retail,Surat,Gujarat,India,Customer,Active,95287636-f2f6-4a35-8af3-a9fe68a5d1c0,2026-03-09,2026-05-16 13:51:14.723639,
81e1b7c1-3d11-4edf-b53a-11e5b92ec3ae,Dhar-Sunder,Manufacturing,Nashik,Maharashtra,India,Customer,Active,7a1b7ad6-e2d2-4e32-9902-ba4caebc581d,2026-04-20,2026-05-16 13:51:14.723679,
17f68544-8524-4721-95ea-a593075e4963,Bakshi LLC,IT,Pune,Maharashtra,India,Customer,Active,b6493aae-776e-4baa-a4f2-3d0a8ebbd3a3,2026-03-26,2026-05-16 13:51:14.723720,
b2452dc2-5f3c-4816-8d6c-acc1414667f0,Desai-Barman,Logistics,Pune,Maharashtra,India,Customer,Active,95287636-f2f6-4a35-8af3-a9fe68a5d1c0,2026-03-12,2026-05-16 13:51:14.723761,
9fef4469-3e0c-4041-a79c-990ce0578964,Zachariah-Murthy,Manufacturing,Nashik,Maharashtra,India,Customer,Active,f9140f89-9c0b-4ce1-8467-c50ef091fb7a,2026-04-09,2026-05-16 13:51:14.723806,
842a404b-5bc2-4524-a454-9884c8b38685,Mand-Devan,IT,Kochi,Kerala,India,Customer,Active,5adbfff5-e09e-439c-ac07-42c4619ce4f5,2026-03-04,2026-05-16 13:51:14.723846,
b5493a77-a7b4-4d6a-b37a-3527d136bba8,"Oza, Pandit and Bal",Services,Hyderabad,Telangana,India,Customer,Active,8daeff47-fa6c-4ca6-a276-681e87f1e034,2026-03-13,2026-05-16 13:51:14.723894,
a73cab92-221e-48b7-a3e2-fb1cf1e28308,Shah-Nayak,IT,Surat,Gujarat,India,Customer,Active,95287636-f2f6-4a35-8af3-a9fe68a5d1c0,2026-04-07,2026-05-16 13:51:14.723934,
74c36db9-d95b-4ba8-b3b7-1ca900d2e99c,"Dhawan, Bassi and Sheth",Pharma,Mumbai,Maharashtra,India,Customer,Active,42050019-05f0-4de7-b45b-cea5eda7386f,2026-04-28,2026-05-16 13:51:14.723978,
6b98e379-3643-4f58-8604-136b061a288a,Reddy LLC,Retail,Kochi,Kerala,India,Customer,Active,616ac0bf-be55-4a3c-aa34-f023ca00068f,2026-02-17,2026-05-16 13:51:14.724018,
f9bd2885-5771-42a4-8c61-fc3eb6a09b7b,Gour Ltd,Pharma,Nashik,Maharashtra,India,Customer,Active,08bef480-7ca7-4624-9756-6860f8fe8ba5,2026-03-19,2026-05-16 13:51:14.724059,
7d15be3f-e8e9-4a94-99d9-093af1177b4c,"Sarraf, Kapur and More",IT,Kochi,Kerala,India,Customer,Active,e43d49a0-a034-48f7-8094-69c8ec022f41,2026-04-09,2026-05-16 13:51:14.724102,
bab8ae50-8c04-4df3-b535-2923f8048960,Naidu-Bedi,Wholesale,Chennai,Tamil Nadu,India,Customer,Active,6f9c7382-0bb3-450e-aef4-dc8380654217,2026-04-22,2026-05-16 13:51:14.724143,
7c70c241-0acd-4a08-b3be-52153bf1ab16,Gour-Tata,Retail,Delhi,Delhi,India,Customer,Active,7a1b7ad6-e2d2-4e32-9902-ba4caebc581d,2026-03-19,2026-05-16 13:51:14.724183,
8ed41844-c498-4bfd-bd86-737343ad8c35,Char-Kulkarni,Services,Mumbai,Maharashtra,India,Customer,Active,a5499ef3-1ed0-4e7d-b2d8-5e51f825a648,2026-04-23,2026-05-16 13:51:14.724222,
2ab827b1-78f4-43d4-80e4-8557238fda52,"Acharya, Vohra and Koshy",Services,Chennai,Tamil Nadu,India,Customer,Active,95287636-f2f6-4a35-8af3-a9fe68a5d1c0,2026-01-02,2026-05-16 13:51:14.724265,
f7ac0bb5-e11e-483f-88b7-de8de9bd5c8c,"Bhalla, Nigam and Oak",IT,Pune,Maharashtra,India,Customer,Active,e75d85fc-9d80-421a-aa90-2624363de215,2026-01-19,2026-05-16 13:51:14.724313,
9f53e6da-aa64-4b30-95f2-7f16050ad423,Ramesh-Bhargava,Services,Bangalore,Karnataka,India,Customer,Active,f8ad7ff5-bd31-4f9e-934f-a32327b5c155,2026-03-20,2026-05-16 13:51:14.724354,
4decf9a4-5301-4e9c-9982-a55ef8a7aac0,Loyal-Parsa,Pharma,Nashik,Maharashtra,India,Customer,Active,8daeff47-fa6c-4ca6-a276-681e87f1e034,2026-02-24,2026-05-16 13:51:14.724395,
0836a26a-86d3-4cf2-92fa-1f65e4953392,"Ramanathan, Ratta and Sura",Wholesale,Ahmedabad,Gujarat,India,Customer,Active,7a1b7ad6-e2d2-4e32-9902-ba4caebc581d,2026-04-11,2026-05-16 13:51:14.724439,
5b432232-56b7-4c52-aa09-8719efcdd492,Mammen Group,Services,Hyderabad,Telangana,India,Customer,Active,a479e5cf-9f94-4433-ad29-445f2f57265f,2026-02-13,2026-05-16 13:51:14.724480,
3805f4f6-ce21-4493-a0fc-46412f5fa509,Sheth-Yohannan,Retail,Surat,Gujarat,India,Customer,Active,7a1b7ad6-e2d2-4e32-9902-ba4caebc581d,2026-05-14,2026-05-16 13:51:14.724522,
aa7b3ec0-a555-404d-9c36-64abdb3b501f,"Nadkarni, Mutti and Kurian",Pharma,Kochi,Kerala,India,Customer,Active,5adbfff5-e09e-439c-ac07-42c4619ce4f5,2026-02-24,2026-05-16 13:51:14.724565,
8e2fad91-fa41-4b9c-a07e-94a67189546d,Sampath LLC,IT,Nashik,Maharashtra,India,Customer,Active,f8ad7ff5-bd31-4f9e-934f-a32327b5c155,2026-01-23,2026-05-16 13:51:14.724605,
90961faf-31c0-4d64-9be1-566e9f15e2e1,Parsa and Sons,Pharma,Bangalore,Karnataka,India,Customer,Active,f8ad7ff5-bd31-4f9e-934f-a32327b5c155,2026-03-13,2026-05-16 13:51:14.724646,
6f3b5d90-ccba-4c40-9b24-e166eda17366,Saran LLC,Retail,Hyderabad,Telangana,India,Customer,Active,b6493aae-776e-4baa-a4f2-3d0a8ebbd3a3,2026-02-27,2026-05-16 13:51:14.724692,
53c2f959-256d-478a-acac-87fd15d607d4,Bajaj Ltd,IT,Surat,Gujarat,India,Customer,Active,560f2adc-162e-473b-8cd1-0546376e74e9,2026-05-14,2026-05-16 13:51:14.724739,
3b19fbcf-bc27-4bf5-b3c7-d3b770833907,Dhar Inc,Wholesale,Bangalore,Karnataka,India,Customer,Active,e441befa-88af-4f32-a4b7-caa2f90837a6,2026-04-21,2026-05-16 13:51:14.724780,
0e13ebeb-772d-4afb-847a-66e9044b9048,"Comar, Kadakia and Bains",Wholesale,Hyderabad,Telangana,India,Customer,Active,b6493aae-776e-4baa-a4f2-3d0a8ebbd3a3,2026-04-28,2026-05-16 13:51:14.724824,
5eb5770c-5654-4288-8937-03eb25c2e4ca,Nayak-Bhat,Services,Hyderabad,Telangana,India,Customer,Active,566164f0-b746-41f4-b85a-4806de2c294b,2026-04-05,2026-05-16 13:51:14.724864,
c01609e7-d9a3-480a-a9a7-8dd44d8f5ec1,Din-Dixit,Retail,Delhi,Delhi,India,Customer,Active,a5499ef3-1ed0-4e7d-b2d8-5e51f825a648,2026-04-13,2026-05-16 13:51:14.724904,
5ed8939d-957c-4e96-9ef6-8222d0f722de,Choudhury and Sons,Logistics,Surat,Gujarat,India,Customer,Active,7a1b7ad6-e2d2-4e32-9902-ba4caebc581d,2026-02-09,2026-05-16 13:51:14.724944,
4261c067-f537-439c-ac32-2390c4cbe4bc,Kala-Pant,Logistics,Bangalore,Karnataka,India,Customer,Active,e43d49a0-a034-48f7-8094-69c8ec022f41,2026-02-16,2026-05-16 13:51:14.724984,
43fa2b7d-6381-49f4-9ac4-bab12e34f166,"Murthy, Raghavan and Samra",Pharma,Ahmedabad,Gujarat,India,Customer,Active,42050019-05f0-4de7-b45b-cea5eda7386f,2026-04-20,2026-05-16 13:51:14.725027,
ff8c23cd-3cef-46a8-8180-169f2cd1bf12,"D’Alia, Barad and Pandya",Services,Delhi,Delhi,India,Customer,Active,13815ae1-d9c7-4b60-877c-5b354527caac,2026-01-23,2026-05-16 13:51:14.725073,
10cac5a5-19f0-4b0e-a500-ad0e5badb207,Brahmbhatt Group,Logistics,Surat,Gujarat,India,Customer,Active,fca4d392-94e8-47e1-bdb4-3dca1cb88b3a,2026-02-24,2026-05-16 13:51:14.725113,
15d62a25-bdaa-41ae-be83-5a957914ef71,"Sundaram, Raval and Krishnan",Wholesale,Surat,Gujarat,India,Customer,Active,08bef480-7ca7-4624-9756-6860f8fe8ba5,2026-04-25,2026-05-16 13:51:14.725161,
ed975e44-2550-4844-a745-e43bcdbac37d,"Ganesan, Patel and Oak",Pharma,Hyderabad,Telangana,India,Customer,Active,95287636-f2f6-4a35-8af3-a9fe68a5d1c0,2026-04-05,2026-05-16 13:51:14.725206,
cc9a4ea9-b838-4fc4-b047-97aed94ca6ef,Bahl-Bail,Services,Kochi,Kerala,India,Customer,Active,42050019-05f0-4de7-b45b-cea5eda7386f,2026-04-17,2026-05-16 13:51:14.725246,
a8ab0046-296a-4e8d-9d0d-42befbc034dc,Devan Group,Pharma,Kochi,Kerala,India,Customer,Active,fca4d392-94e8-47e1-bdb4-3dca1cb88b3a,2026-02-12,2026-05-16 13:51:14.725285,
36fd178e-11a6-49b7-bfb8-0afafd14b512,Chaudhary-Thaman,IT,Nashik,Maharashtra,India,Customer,Active,560f2adc-162e-473b-8cd1-0546376e74e9,2026-04-14,2026-05-16 13:51:14.725326,
a241bdfe-67d7-4e61-ac1f-142b573c2489,Prakash-Kala,Retail,Pune,Maharashtra,India,Customer,Active,6f9c7382-0bb3-450e-aef4-dc8380654217,2026-03-14,2026-05-16 13:51:14.725366,
640c8a12-0f50-4615-b473-8592ce0f33ce,Balan-Char,Retail,Mumbai,Maharashtra,India,Customer,Active,e75d85fc-9d80-421a-aa90-2624363de215,2026-03-23,2026-05-16 13:51:14.725406,
6e38d24d-61db-4a2c-b77a-bbaf6d136464,"Lata, Jani and Tripathi",Logistics,Bangalore,Karnataka,India,Customer,Active,5adbfff5-e09e-439c-ac07-42c4619ce4f5,2026-01-19,2026-05-16 13:51:14.725453,
af093b5c-ba13-45b6-85f7-55d4990f4f1b,Tata-Sani,Wholesale,Pune,Maharashtra,India,Customer,Active,a5499ef3-1ed0-4e7d-b2d8-5e51f825a648,2026-01-17,2026-05-16 13:51:14.725493,
0cd2134a-ef0c-4fb6-aea6-8a87d89372b4,"Gupta, Sanghvi and Chaudhry",Logistics,Ahmedabad,Gujarat,India,Customer,Active,a5499ef3-1ed0-4e7d-b2d8-5e51f825a648,2026-03-27,2026-05-16 13:51:14.725547,
bdeb584b-4ce1-4caf-b73f-f400ee7fa9c4,Saxena-Kulkarni,Retail,Pune,Maharashtra,India,Customer,Active,f8ad7ff5-bd31-4f9e-934f-a32327b5c155,2026-03-20,2026-05-16 13:51:14.725594,
e96a4640-96c1-4209-9976-cda1f1bb217f,"Divan, Brar and Narasimhan",Wholesale,Hyderabad,Telangana,India,Customer,Active,85cb5067-c9a3-4ea0-b695-f80c7e19abf2,2026-05-15,2026-05-16 13:51:14.725642,
7d8f1118-a8f4-4ce1-af48-0d1c807b039c,Bhatt-Kurian,Services,Bangalore,Karnataka,India,Customer,Active,e75d85fc-9d80-421a-aa90-2624363de215,2026-01-12,2026-05-16 13:51:14.725682,
d81105c5-c01e-4bc7-93f0-235a89ec18f1,"Mukhopadhyay, Narang and Bal",Manufacturing,Pune,Maharashtra,India,Customer,Active,5adbfff5-e09e-439c-ac07-42c4619ce4f5,2026-04-16,2026-05-16 13:51:14.725726,
35e7b53e-b15a-42df-ab0e-a7228c87948c,Wason and Sons,IT,Surat,Gujarat,India,Customer,Active,a479e5cf-9f94-4433-ad29-445f2f57265f,2026-05-12,2026-05-16 13:51:14.725766,
21898a38-8971-4f74-a1b6-d7c19990c1a0,Golla-Kurian,Wholesale,Surat,Gujarat,India,Customer,Active,5adbfff5-e09e-439c-ac07-42c4619ce4f5,2026-02-10,2026-05-16 13:51:14.725807,
c54d1ba5-03b9-4d40-a3a5-4a5e0e5a9f0d,"Khurana, Dara and Venkataraman",Services,Bangalore,Karnataka,India,Customer,Active,f8ad7ff5-bd31-4f9e-934f-a32327b5c155,2026-04-21,2026-05-16 13:51:14.725851,
963f998d-440b-4771-b30c-81ea54ad511d,Kadakia Group,Logistics,Surat,Gujarat,India,Customer,Active,fca4d392-94e8-47e1-bdb4-3dca1cb88b3a,2026-01-05,2026-05-16 13:51:14.725892,
036940c4-ab7b-4b7d-9c53-a1a46849f780,"Nagy, Sood and Barad",Services,Surat,Gujarat,India,Customer,Active,a5499ef3-1ed0-4e7d-b2d8-5e51f825a648,2026-03-31,2026-05-16 13:51:14.725937,
705700c2-3e56-4f0f-aeae-9a1559206cf0,Bhat and Sons,Logistics,Kochi,Kerala,India,Customer,Active,85cb5067-c9a3-4ea0-b695-f80c7e19abf2,2026-04-13,2026-05-16 13:51:14.725977,
34519821-0e7c-44dd-8998-316163318c0e,Chander Inc,Logistics,Chennai,Tamil Nadu,India,Customer,Active,566164f0-b746-41f4-b85a-4806de2c294b,2026-01-22,2026-05-16 13:51:14.726022,
8c29a8df-da87-4662-9828-ec1c15ef4c60,Tailor-Bir,Manufacturing,Delhi,Delhi,India,Customer,Active,08bef480-7ca7-4624-9756-6860f8fe8ba5,2026-04-09,2026-05-16 13:51:14.726062,
c3ffede8-eec5-4312-935c-7b03c7a0dfc8,"Din, Yohannan and Kamdar",Services,Chennai,Tamil Nadu,India,Customer,Active,e43d49a0-a034-48f7-8094-69c8ec022f41,2026-05-15,2026-05-16 13:51:14.726106,
a10c7e9c-9511-41d5-84fc-88a4369bb996,Bir-Singhal,IT,Nashik,Maharashtra,India,Customer,Active,6f9c7382-0bb3-450e-aef4-dc8380654217,2026-04-15,2026-05-16 13:51:14.726146,
f4fe6f3c-131d-47dd-b234-63d3b02346f1,"Yadav, Kaul and Chander",Pharma,Mumbai,Maharashtra,India,Customer,Active,95287636-f2f6-4a35-8af3-a9fe68a5d1c0,2026-04-25,2026-05-16 13:51:14.726189,
c06ea301-4073-46fe-a55d-d3b7a198a850,Gala-Chaudhuri,Retail,Ahmedabad,Gujarat,India,Customer,Active,566164f0-b746-41f4-b85a-4806de2c294b,2026-01-22,2026-05-16 13:51:14.726229,
486f0c3c-2313-4b1c-a5c7-98c930d272dc,Kothari Ltd,Retail,Bangalore,Karnataka,India,Customer,Active,0c6634a5-fb54-4e6c-91ef-7ec0e2cc3378,2026-01-23,2026-05-16 13:51:14.726270,
49457fb0-7e1a-4c84-9993-87315fb4cbf0,Wali and Sons,Retail,Pune,Maharashtra,India,Customer,Active,566164f0-b746-41f4-b85a-4806de2c294b,2026-01-11,2026-05-16 13:51:14.726310,
97aa8ba1-1fdf-42d5-a25b-2ca18b95a265,"Parmer, Din and Vaidya",Logistics,Mumbai,Maharashtra,India,Customer,Active,e43d49a0-a034-48f7-8094-69c8ec022f41,2026-01-27,2026-05-16 13:51:14.726354,
e80e5e8a-26f8-4ba3-9b72-7de8a9aa0ec9,Bumb Inc,Logistics,Hyderabad,Telangana,India,Customer,Active,616ac0bf-be55-4a3c-aa34-f023ca00068f,2026-02-21,2026-05-16 13:51:14.726394,
5aed9140-3d17-4a5e-bb2f-551fc8d214ad,"Chaudhuri, Barad and Narain",Logistics,Ahmedabad,Gujarat,India,Customer,Active,08bef480-7ca7-4624-9756-6860f8fe8ba5,2026-02-18,2026-05-16 13:51:14.726442,
2c588841-0be6-4135-972a-92cf8f6bd6c6,Uppal and Sons,Wholesale,Delhi,Delhi,India,Customer,Active,95287636-f2f6-4a35-8af3-a9fe68a5d1c0,2026-03-10,2026-05-16 13:51:14.726483,
ff4c77a8-d78b-470c-8344-987136497b8c,"Suresh, Badal and Prashad",Pharma,Surat,Gujarat,India,Customer,Active,3c2514fb-429d-444a-bc6c-7c4a2ce757be,2026-04-04,2026-05-16 13:51:14.726526,
259db66d-03b9-4e91-9e6b-ab26a24297ca,Ramesh-Zacharia,Pharma,Ahmedabad,Gujarat,India,Customer,Active,08bef480-7ca7-4624-9756-6860f8fe8ba5,2026-04-13,2026-05-16 13:51:14.726568,
772c8f12-c74d-431e-918c-5125c4b47af0,"Mukherjee, Sastry and Dada",Retail,Delhi,Delhi,India,Customer,Active,f9140f89-9c0b-4ce1-8467-c50ef091fb7a,2026-02-11,2026-05-16 13:51:14.726615,
112067d9-82b4-469b-b83f-7b5e51eaddd3,Raghavan LLC,IT,Delhi,Delhi,India,Customer,Active,560f2adc-162e-473b-8cd1-0546376e74e9,2026-01-28,2026-05-16 13:51:14.726656,
b3fc4f76-910e-4ad3-bd54-fc278405bdc7,Munshi Ltd,Retail,Bangalore,Karnataka,India,Customer,Active,404d7654-52ae-4333-91d7-753b4d63789e,2026-02-14,2026-05-16 13:51:14.726697,
cab9756d-7c85-41d7-9a1c-75f18414a55f,Grover Group,Manufacturing,Ahmedabad,Gujarat,India,Customer,Active,85cb5067-c9a3-4ea0-b695-f80c7e19abf2,2026-04-27,2026-05-16 13:51:14.726736,
83fcc576-42a2-4f61-bae9-ad5ae71a426e,Khurana LLC,Manufacturing,Chennai,Tamil Nadu,India,Customer,Active,a5499ef3-1ed0-4e7d-b2d8-5e51f825a648,2026-04-21,2026-05-16 13:51:14.726776,
1560b920-a48d-4822-aa3d-ee274dfbde41,"Jayaraman, Chandran and Bera",Retail,Hyderabad,Telangana,India,Customer,Active,85cb5067-c9a3-4ea0-b695-f80c7e19abf2,2026-04-03,2026-05-16 13:51:14.726819,
22ed8cf4-cfb2-4a65-bda8-3163e5b8de87,Nath Inc,Retail,Hyderabad,Telangana,India,Customer,Active,6f9c7382-0bb3-450e-aef4-dc8380654217,2026-02-05,2026-05-16 13:51:14.726863,
9b8f2ee2-fb47-4fa7-81f5-988f6da2ec0b,"Deol, Nath and Ghose",Logistics,Bangalore,Karnataka,India,Customer,Active,8daeff47-fa6c-4ca6-a276-681e87f1e034,2026-04-13,2026-05-16 13:51:14.726908,
374b03fa-41ec-49c4-b04e-61a3716c9d29,"Ratta, Yohannan and Agarwal",Pharma,Delhi,Delhi,India,Customer,Active,8daeff47-fa6c-4ca6-a276-681e87f1e034,2026-03-06,2026-05-16 13:51:14.726951,
1abb3b81-4231-428e-9329-4d0e996ef37f,"Nayar, Lal and Kata",Manufacturing,Chennai,Tamil Nadu,India,Customer,Active,0c6634a5-fb54-4e6c-91ef-7ec0e2cc3378,2026-01-31,2026-05-16 13:51:14.726994,
9e8f3ca3-30d5-4194-93c3-5f5e1b709572,"Ghosh, Kapur and Suri",Logistics,Kochi,Kerala,India,Customer,Active,95287636-f2f6-4a35-8af3-a9fe68a5d1c0,2026-03-18,2026-05-16 13:51:14.727036,
50aa6236-d72c-4762-a173-51a791461880,"Sodhi, Dugal and Rastogi",Logistics,Hyderabad,Telangana,India,Customer,Active,85cb5067-c9a3-4ea0-b695-f80c7e19abf2,2026-01-07,2026-05-16 13:51:14.727078,
24c5663c-e512-4d35-a135-5d8c696aeaba,Wable PLC,Pharma,Delhi,Delhi,India,Customer,Active,560f2adc-162e-473b-8cd1-0546376e74e9,2026-01-09,2026-05-16 13:51:14.727118,
60c60bc0-7864-48c2-b8ab-c43396d94db8,Sagar-Dubey,Retail,Nashik,Maharashtra,India,Customer,Active,616ac0bf-be55-4a3c-aa34-f023ca00068f,2026-04-14,2026-05-16 13:51:14.727158,
ec36d61c-942e-4873-bcae-6be9a9532744,Hora-Raj,Pharma,Delhi,Delhi,India,Customer,Active,a5499ef3-1ed0-4e7d-b2d8-5e51f825a648,2026-03-21,2026-05-16 13:51:14.727197,
cf31ec28-c348-4de4-850e-82b6ed5a0fe6,"Choudhary, Prashad and Loyal",Logistics,Delhi,Delhi,India,Customer,Active,f9140f89-9c0b-4ce1-8467-c50ef091fb7a,2026-04-23,2026-05-16 13:51:14.727246,
f3bcb6b7-d4f0-48a1-b47f-6aec1f59d437,Sastry Inc,Wholesale,Pune,Maharashtra,India,Customer,Active,42050019-05f0-4de7-b45b-cea5eda7386f,2026-05-02,2026-05-16 13:51:14.727289,
4f06f895-8032-49a5-bb74-d3d2cd1ada34,Narula Group,Manufacturing,Bangalore,Karnataka,India,Customer,Active,f8ad7ff5-bd31-4f9e-934f-a32327b5c155,2026-03-20,2026-05-16 13:51:14.727330,
cee24256-e5d8-42e3-8ad9-42dfa7229dbf,"Mane, Ramachandran and Saraf",Retail,Hyderabad,Telangana,India,Customer,Active,fca4d392-94e8-47e1-bdb4-3dca1cb88b3a,2026-05-15,2026-05-16 13:51:14.727375,
429874b9-09ac-4bfd-9349-908253d5f4b7,Sinha-Varty,Manufacturing,Nashik,Maharashtra,India,Customer,Active,f8ad7ff5-bd31-4f9e-934f-a32327b5c155,2026-05-11,2026-05-16 13:51:14.727416,
e550d54c-b286-4432-b615-26708f4d9927,Balan-Kaur,IT,Kochi,Kerala,India,Customer,Active,a479e5cf-9f94-4433-ad29-445f2f57265f,2026-01-21,2026-05-16 13:51:14.727456,
86336edc-fd32-4de8-9dd8-eeb9403352bd,Behl and Sons,Logistics,Bangalore,Karnataka,India,Customer,Active,fca4d392-94e8-47e1-bdb4-3dca1cb88b3a,2026-02-08,2026-05-16 13:51:14.727497,
f8e3f42e-c830-4991-aed6-e2ac6294e62e,Bumb LLC,Logistics,Delhi,Delhi,India,Customer,Active,08bef480-7ca7-4624-9756-6860f8fe8ba5,2026-01-06,2026-05-16 13:51:14.727549,
98126609-2e49-49c8-8ecb-182005d0c6ab,Kumar-Dutt,Logistics,Delhi,Delhi,India,Customer,Active,5adbfff5-e09e-439c-ac07-42c4619ce4f5,2026-02-18,2026-05-16 13:51:14.727592,
fd8ee79a-a8b4-4304-8d04-c3693f611f6f,Dugar-Varty,IT,Delhi,Delhi,India,Customer,Active,a5499ef3-1ed0-4e7d-b2d8-5e51f825a648,2026-03-19,2026-05-16 13:51:14.727633,
3e5ccb8a-fff0-4951-9b52-18bcf1dafea4,Kari LLC,Services,Mumbai,Maharashtra,India,Customer,Active,f8ad7ff5-bd31-4f9e-934f-a32327b5c155,2026-03-22,2026-05-16 13:51:14.727673,
7f744961-90df-4b12-824c-2914459b3d96,Doctor-Zachariah,Retail,Chennai,Tamil Nadu,India,Customer,Active,85cb5067-c9a3-4ea0-b695-f80c7e19abf2,2026-04-18,2026-05-16 13:51:14.727719,
28bffaba-4212-46f3-872e-cb75d0ba3200,Parikh PLC,Manufacturing,Bangalore,Karnataka,India,Customer,Active,a479e5cf-9f94-4433-ad29-445f2f57265f,2026-01-20,2026-05-16 13:51:14.727761,
f67ebad9-f4ca-449d-b8ed-2709bec675da,Prabhakar Inc,Logistics,Hyderabad,Telangana,India,Customer,Active,f9140f89-9c0b-4ce1-8467-c50ef091fb7a,2026-05-13,2026-05-16 13:51:14.727806,
c1f28172-d11a-440d-962f-d4d4165aa131,"Chhabra, Kapur and Madan",Services,Delhi,Delhi,India,Customer,Active,0c6634a5-fb54-4e6c-91ef-7ec0e2cc3378,2026-02-16,2026-05-16 13:51:14.727850,
5baa0eae-c23b-43ec-a866-f98ecd9a6877,"Wali, Hora and Natt",Services,Mumbai,Maharashtra,India,Customer,Active,a5499ef3-1ed0-4e7d-b2d8-5e51f825a648,2026-01-02,2026-05-16 13:51:14.727893,
9e577921-0375-40c7-9a8c-c9c7c3597fb5,Agate Ltd,IT,Pune,Maharashtra,India,Customer,Active,0ef691cb-a3b6-4c00-93f4-b28b0fe40706,2026-04-24,2026-05-16 13:51:14.727935,
3e5c36ea-aab5-45b4-8bbc-6a6d09ae2e96,Nayak Inc,Wholesale,Ahmedabad,Gujarat,India,Customer,Active,0c6634a5-fb54-4e6c-91ef-7ec0e2cc3378,2026-03-10,2026-05-16 13:51:14.727975,
f2612a73-5cef-4ac5-9f53-215170abd168,"Nair, Narasimhan and Basak",Wholesale,Pune,Maharashtra,India,Customer,Active,13815ae1-d9c7-4b60-877c-5b354527caac,2026-02-03,2026-05-16 13:51:14.728019,
f45f33fd-1353-44b1-908f-6a7fca7c4963,Deo LLC,IT,Mumbai,Maharashtra,India,Customer,Active,a479e5cf-9f94-4433-ad29-445f2f57265f,2026-04-14,2026-05-16 13:51:14.728058,
7086d911-210d-488d-a116-d7f277020e5c,Sani-Chopra,Manufacturing,Mumbai,Maharashtra,India,Customer,Active,f8ad7ff5-bd31-4f9e-934f-a32327b5c155,2026-02-26,2026-05-16 13:51:14.728098,
a2918573-ee50-4c65-978d-e817b4c69222,Dutt-Nagar,Wholesale,Chennai,Tamil Nadu,India,Customer,Active,5adbfff5-e09e-439c-ac07-42c4619ce4f5,2026-02-28,2026-05-16 13:51:14.728143,
9c369a81-9581-4c5d-87a5-80cfc85a8dca,Agrawal-Basu,Retail,Mumbai,Maharashtra,India,Customer,Active,8daeff47-fa6c-4ca6-a276-681e87f1e034,2026-01-05,2026-05-16 13:51:14.728183,
48b3cde8-f251-40c0-bad0-71c804dd6fba,Doshi-Gulati,Retail,Surat,Gujarat,India,Customer,Active,a5499ef3-1ed0-4e7d-b2d8-5e51f825a648,2026-03-18,2026-05-16 13:51:14.728223,
9c60bd76-1e7f-494d-b2ed-7754b5a96348,Gera-Chopra,Manufacturing,Kochi,Kerala,India,Customer,Active,f8ad7ff5-bd31-4f9e-934f-a32327b5c155,2026-03-19,2026-05-16 13:51:14.728262,
92a53809-7aa2-4a0c-ad7f-6ff6aa341705,"Barman, Srinivas and Bala",IT,Mumbai,Maharashtra,India,Customer,Active,566164f0-b746-41f4-b85a-4806de2c294b,2026-01-22,2026-05-16 13:51:14.728304,
ef49f56f-890e-42a6-9fbf-8a4a184303cd,Rastogi Ltd,IT,Kochi,Kerala,India,Customer,Active,fca4d392-94e8-47e1-bdb4-3dca1cb88b3a,2026-01-29,2026-05-16 13:51:14.728343,
6f9935f0-4936-4776-aca0-dbf7583cac9f,Chokshi Group,Services,Delhi,Delhi,India,Customer,Active,0c6634a5-fb54-4e6c-91ef-7ec0e2cc3378,2026-01-06,2026-05-16 13:51:14.728383,
977e6340-33eb-4310-841e-e59272c9cc5b,"Kant, Patil and Kant",Logistics,Kochi,Kerala,India,Customer,Active,e75d85fc-9d80-421a-aa90-2624363de215,2026-01-19,2026-05-16 13:51:14.728426,
fc8c1c98-abe0-4ed1-af5c-abbfb82e890c,Mahal and Sons,Logistics,Hyderabad,Telangana,India,Customer,Active,6f9c7382-0bb3-450e-aef4-dc8380654217,2026-02-02,2026-05-16 13:51:14.728467,
0bd3f415-1f4e-4a76-b466-277306126361,Atwal Ltd,IT,Mumbai,Maharashtra,India,Customer,Active,e43d49a0-a034-48f7-8094-69c8ec022f41,2026-03-10,2026-05-16 13:51:14.728506,
657e6954-e17e-4f71-98c3-f8a354dd728b,Grover-Sant,Logistics,Pune,Maharashtra,India,Customer,Active,f8ad7ff5-bd31-4f9e-934f-a32327b5c155,2026-02-19,2026-05-16 13:51:14.728551,
3f9b55e0-ef68-41d3-bbcd-e9bec6e10b7a,Basu Group,Services,Hyderabad,Telangana,India,Customer,Active,85cb5067-c9a3-4ea0-b695-f80c7e19abf2,2026-02-26,2026-05-16 13:51:14.728591,
7dde63ad-bb77-4727-be35-ecffa018fc35,Hegde Group,Services,Ahmedabad,Gujarat,India,Customer,Active,13815ae1-d9c7-4b60-877c-5b354527caac,2026-01-09,2026-05-16 13:51:14.728631,
0bb6351e-5a84-483f-aa4d-cae5c97146c6,Jain Group,Manufacturing,Pune,Maharashtra,India,Customer,Active,5adbfff5-e09e-439c-ac07-42c4619ce4f5,2026-02-15,2026-05-16 13:51:14.728670,
