id,first_name,last_name,name,email,designation,department,city,state,status,created_at,updated_at,deleted_at
e75d85fc-9d80-421a-aa90-2624363de215,Jeremiah,Verma,Jeremiah Verma,tanish73@example.org,Sales Executive,Sales,Ahmedabad,Gujarat,Active,2026-05-16 13:51:14.692826,2026-05-16 13:51:14.692829,
5adbfff5-e09e-439c-ac07-42c4619ce4f5,Eshana,Bhagat,Eshana Bhagat,aryansane@example.org,Sales Manager,Sales,Bangalore,Karnataka,Active,2026-05-16 13:51:14.692922,2026-05-16 13:51:14.692923,
566164f0-b746-41f4-b85a-4806de2c294b,Kritika,Gopal,Kritika Gopal,noah17@example.org,Sales Executive,Sales,Mumbai,Maharashtra,Active,2026-05-16 13:51:14.692997,2026-05-16 13:51:14.692998,
42050019-05f0-4de7-b45b-cea5eda7386f,Christopher,Wadhwa,Christopher Wadhwa,binasibal@example.net,Senior Sales,Sales,Bangalore,Karnataka,Active,2026-05-16 13:51:14.693058,2026-05-16 13:51:14.693059,
08bef480-7ca7-4624-9756-6860f8fe8ba5,Neel,Ben,Neel Ben,gangaraval@example.net,Sales Manager,Sales,Surat,Gujarat,Active,2026-05-16 13:51:14.693119,2026-05-16 13:51:14.693119,
b6493aae-776e-4baa-a4f2-3d0a8ebbd3a3,Urmi,Sodhi,Urmi Sodhi,watikachar@example.net,Sales Manager,Sales,Bangalore,Karnataka,Active,2026-05-16 13:51:14.693177,2026-05-16 13:51:14.693178,
e43d49a0-a034-48f7-8094-69c8ec022f41,Tejas,Memon,Tejas Memon,fariqahuja@example.net,Sales Manager,Sales,Hyderabad,Telangana,Active,2026-05-16 13:51:14.693232,2026-05-16 13:51:14.693232,
6f9c7382-0bb3-450e-aef4-dc8380654217,Harish,Kalita,Harish Kalita,varughesebanjeet@example.net,Senior Sales,Sales,Bangalore,Karnataka,Active,2026-05-16 13:51:14.693294,2026-05-16 13:51:14.693295,
8daeff47-fa6c-4ca6-a276-681e87f1e034,Samarth,Rattan,Samarth Rattan,rprabhakar@example.com,Sales Executive,Sales,Bangalore,Karnataka,Active,2026-05-16 13:51:14.693348,2026-05-16 13:51:14.693348,
7a1b7ad6-e2d2-4e32-9902-ba4caebc581d,Sai,Char,Sai Char,idika39@example.net,Senior Sales,Sales,Bangalore,Karnataka,Active,2026-05-16 13:51:14.693401,2026-05-16 13:51:14.693402,
0ef691cb-a3b6-4c00-93f4-b28b0fe40706,Omkaar,Chadha,Omkaar Chadha,falgunighosh@example.net,Senior Sales,Sales,Ahmedabad,Gujarat,Active,2026-05-16 13:51:14.693456,2026-05-16 13:51:14.693457,
616ac0bf-be55-4a3c-aa34-f023ca00068f,Bhavini,Sandal,Bhavini Sandal,itata@example.org,Sales Executive,Sales,Pune,Maharashtra,Active,2026-05-16 13:51:14.693508,2026-05-16 13:51:14.693509,
f9140f89-9c0b-4ce1-8467-c50ef091fb7a,Isaac,Prashad,Isaac Prashad,beraanirudh@example.org,Sales Manager,Sales,Delhi,Delhi,Active,2026-05-16 13:51:14.693571,2026-05-16 13:51:14.693572,
560f2adc-162e-473b-8cd1-0546376e74e9,Ekavir,Sankar,Ekavir Sankar,ibawa@example.com,Sales Manager,Sales,Chennai,Tamil Nadu,Active,2026-05-16 13:51:14.693620,2026-05-16 13:51:14.693621,
404d7654-52ae-4333-91d7-753b4d63789e,Tejas,Verma,Tejas Verma,goyalyatan@example.net,Senior Sales,Sales,Hyderabad,Telangana,Active,2026-05-16 13:51:14.693672,2026-05-16 13:51:14.693673,
13815ae1-d9c7-4b60-877c-5b354527caac,Aditya,Nanda,Aditya Nanda,sameshdoshi@example.com,Sales Executive,Sales,Nashik,Maharashtra,Active,2026-05-16 13:51:14.693723,2026-05-16 13:51:14.693724,
3c2514fb-429d-444a-bc6c-7c4a2ce757be,Qasim,Bath,Qasim Bath,apillai@example.org,Sales Manager,Sales,Kochi,Kerala,Active,2026-05-16 13:51:14.693771,2026-05-16 13:51:14.693771,
f8ad7ff5-bd31-4f9e-934f-a32327b5c155,Laksh,Dash,Laksh Dash,nidra28@example.com,Sales Executive,Sales,Chennai,Tamil Nadu,Active,2026-05-16 13:51:14.693820,2026-05-16 13:51:14.693821,
fca4d392-94e8-47e1-bdb4-3dca1cb88b3a,Bhavani,Chaudhry,Bhavani Chaudhry,ayushyadav@example.org,Sales Manager,Sales,Nashik,Maharashtra,Active,2026-05-16 13:51:14.693872,2026-05-16 13:51:14.693872,
85cb5067-c9a3-4ea0-b695-f80c7e19abf2,Aditya,Sastry,Aditya Sastry,fradovyas@example.net,Senior Sales,Sales,Kochi,Kerala,Active,2026-05-16 13:51:14.693921,2026-05-16 13:51:14.693922,
a479e5cf-9f94-4433-ad29-445f2f57265f,Naveen,Dhillon,Naveen Dhillon,venkateshvivaan@example.com,Senior Sales,Sales,Bangalore,Karnataka,Active,2026-05-16 13:51:14.693972,2026-05-16 13:51:14.693973,
a5499ef3-1ed0-4e7d-b2d8-5e51f825a648,Rohan,Sastry,Rohan Sastry,horameghana@example.org,Sales Executive,Sales,Kochi,Kerala,Active,2026-05-16 13:51:14.694021,2026-05-16 13:51:14.694022,
0c6634a5-fb54-4e6c-91ef-7ec0e2cc3378,Lakshmi,Dass,Lakshmi Dass,vermajatin@example.com,Sales Executive,Sales,Pune,Maharashtra,Active,2026-05-16 13:51:14.694078,2026-05-16 13:51:14.694078,
e441befa-88af-4f32-a4b7-caa2f90837a6,Balhaar,Toor,Balhaar Toor,takomya@example.com,Sales Executive,Sales,Bangalore,Karnataka,Active,2026-05-16 13:51:14.694126,2026-05-16 13:51:14.694126,
95287636-f2f6-4a35-8af3-a9fe68a5d1c0,Indali,Walia,Indali Walia,aarna17@example.net,Sales Manager,Sales,Delhi,Delhi,Active,2026-05-16 13:51:14.694178,2026-05-16 13:51:14.694179,
